workerCounter,assignmentId,workerId,hitId,trial type,global index,reaction time,score,stimulus1,stimulus2
1,debugIJTH5Z,debugURZBAF,debugIVM2SR,0,5,8575,3,56,58
1,debugIJTH5Z,debugURZBAF,debugIVM2SR,1,7,4797,5,14,28
1,debugIJTH5Z,debugURZBAF,debugIVM2SR,1,8,7657,2,17,58
1,debugIJTH5Z,debugURZBAF,debugIVM2SR,1,9,2819,4,53,44
1,debugIJTH5Z,debugURZBAF,debugIVM2SR,1,10,2486,7,28,47
1,debugIJTH5Z,debugURZBAF,debugIVM2SR,1,11,3015,5,47,45
1,debugIJTH5Z,debugURZBAF,debugIVM2SR,2,13,2957,1,54,49
1,debugIJTH5Z,debugURZBAF,debugIVM2SR,2,14,9517,6,14,47
1,debugIJTH5Z,debugURZBAF,debugIVM2SR,2,15,4186,4,50,56
1,debugIJTH5Z,debugURZBAF,debugIVM2SR,2,16,3441,5,55,57
1,debugIJTH5Z,debugURZBAF,debugIVM2SR,2,17,3594,4,20,53
1,debugIJTH5Z,debugURZBAF,debugIVM2SR,2,18,2722,4,14,51
1,debugIJTH5Z,debugURZBAF,debugIVM2SR,2,19,3465,5,45,20
1,debugIJTH5Z,debugURZBAF,debugIVM2SR,2,20,8875,3,50,20
1,debugIJTH5Z,debugURZBAF,debugIVM2SR,2,21,5195,7,14,59
1,debugIJTH5Z,debugURZBAF,debugIVM2SR,2,22,8561,6,55,20
1,debugIJTH5Z,debugURZBAF,debugIVM2SR,2,23,6337,7,54,47
1,debugIJTH5Z,debugURZBAF,debugIVM2SR,2,24,3215,5,41,43
1,debugIJTH5Z,debugURZBAF,debugIVM2SR,2,25,4972,8,48,44
1,debugIJTH5Z,debugURZBAF,debugIVM2SR,2,26,4852,6,52,45
1,debugIJTH5Z,debugURZBAF,debugIVM2SR,2,27,3145,5,46,52
1,debugIJTH5Z,debugURZBAF,debugIVM2SR,2,28,3120,4,46,51
1,debugIJTH5Z,debugURZBAF,debugIVM2SR,2,29,3532,3,55,50
1,debugIJTH5Z,debugURZBAF,debugIVM2SR,2,30,5815,3,38,20
1,debugIJTH5Z,debugURZBAF,debugIVM2SR,2,31,4406,7,50,38
1,debugIJTH5Z,debugURZBAF,debugIVM2SR,2,32,3576,6,41,28
1,debugIJTH5Z,debugURZBAF,debugIVM2SR,2,33,2822,6,38,52
1,debugIJTH5Z,debugURZBAF,debugIVM2SR,2,34,4487,2,17,54
1,debugIJTH5Z,debugURZBAF,debugIVM2SR,2,35,2786,3,38,57
1,debugIJTH5Z,debugURZBAF,debugIVM2SR,2,36,2664,3,38,44
1,debugIJTH5Z,debugURZBAF,debugIVM2SR,2,37,4462,4,38,14
1,debugIJTH5Z,debugURZBAF,debugIVM2SR,2,38,4238,7,53,42
1,debugIJTH5Z,debugURZBAF,debugIVM2SR,2,39,5624,3,50,43
1,debugIJTH5Z,debugURZBAF,debugIVM2SR,2,40,4204,4,45,38
1,debugIJTH5Z,debugURZBAF,debugIVM2SR,2,41,4966,2,17,14
1,debugIJTH5Z,debugURZBAF,debugIVM2SR,2,42,5500,2,58,42
1,debugIJTH5Z,debugURZBAF,debugIVM2SR,2,43,5431,6,57,52
1,debugIJTH5Z,debugURZBAF,debugIVM2SR,2,44,8435,4,58,54
1,debugIJTH5Z,debugURZBAF,debugIVM2SR,2,45,7385,5,14,54
1,debugIJTH5Z,debugURZBAF,debugIVM2SR,3,46,2842,true,49,49
1,debugIJTH5Z,debugURZBAF,debugIVM2SR,2,47,5369,3,54,47
1,debugIJTH5Z,debugURZBAF,debugIVM2SR,2,48,5766,2,50,20
1,debugIJTH5Z,debugURZBAF,debugIVM2SR,2,49,3785,6,14,54
1,debugIJTH5Z,debugURZBAF,debugIVM2SR,2,50,3617,5,46,52
1,debugIJTH5Z,debugURZBAF,debugIVM2SR,2,51,5298,4,17,14
1,debugIJTH5Z,debugURZBAF,debugIVM2SR,2,52,3812,3,41,43
1,debugIJTH5Z,debugURZBAF,debugIVM2SR,2,53,4647,5,50,38
1,debugIJTH5Z,debugURZBAF,debugIVM2SR,2,54,3639,4,45,38
1,debugIJTH5Z,debugURZBAF,debugIVM2SR,2,55,3284,5,45,20
1,debugIJTH5Z,debugURZBAF,debugIVM2SR,2,56,14759,6,14,59
1,debugIJTH5Z,debugURZBAF,debugIVM2SR,2,57,4422,6,52,45
1,debugIJTH5Z,debugURZBAF,debugIVM2SR,2,58,4034,3,38,20
1,debugIJTH5Z,debugURZBAF,debugIVM2SR,2,59,4540,6,38,14
1,debugIJTH5Z,debugURZBAF,debugIVM2SR,2,60,5486,6,55,20
1,debugIJTH5Z,debugURZBAF,debugIVM2SR,2,61,4271,4,38,57
1,debugIJTH5Z,debugURZBAF,debugIVM2SR,2,62,4135,5,38,44
1,debugIJTH5Z,debugURZBAF,debugIVM2SR,2,63,5174,3,46,51
1,debugIJTH5Z,debugURZBAF,debugIVM2SR,2,64,4103,5,38,52
1,debugIJTH5Z,debugURZBAF,debugIVM2SR,2,65,4383,7,57,52
1,debugIJTH5Z,debugURZBAF,debugIVM2SR,2,66,6607,8,53,42
1,debugIJTH5Z,debugURZBAF,debugIVM2SR,2,67,5806,4,50,43
1,debugIJTH5Z,debugURZBAF,debugIVM2SR,2,68,9920,5,20,53
1,debugIJTH5Z,debugURZBAF,debugIVM2SR,2,69,2696,6,55,57
1,debugIJTH5Z,debugURZBAF,debugIVM2SR,2,70,7411,6,41,28
1,debugIJTH5Z,debugURZBAF,debugIVM2SR,2,71,3501,4,17,54
1,debugIJTH5Z,debugURZBAF,debugIVM2SR,2,72,3928,5,50,56
1,debugIJTH5Z,debugURZBAF,debugIVM2SR,2,73,4214,2,58,42
1,debugIJTH5Z,debugURZBAF,debugIVM2SR,2,74,4846,3,14,51
1,debugIJTH5Z,debugURZBAF,debugIVM2SR,2,75,4166,2,55,50
1,debugIJTH5Z,debugURZBAF,debugIVM2SR,2,76,4615,7,48,44
1,debugIJTH5Z,debugURZBAF,debugIVM2SR,2,77,4461,1,54,49
1,debugIJTH5Z,debugURZBAF,debugIVM2SR,2,78,3426,7,14,47
1,debugIJTH5Z,debugURZBAF,debugIVM2SR,2,79,3705,4,58,54
1,debugIJTH5Z,debugURZBAF,debugIVM2SR,2,81,6672,2,58,42
1,debugIJTH5Z,debugURZBAF,debugIVM2SR,2,82,4962,3,46,51
1,debugIJTH5Z,debugURZBAF,debugIVM2SR,2,83,5525,5,20,53
1,debugIJTH5Z,debugURZBAF,debugIVM2SR,2,84,6060,3,50,20
1,debugIJTH5Z,debugURZBAF,debugIVM2SR,2,85,3086,5,54,47
1,debugIJTH5Z,debugURZBAF,debugIVM2SR,2,86,3449,7,14,54
1,debugIJTH5Z,debugURZBAF,debugIVM2SR,2,87,5344,3,55,50
1,debugIJTH5Z,debugURZBAF,debugIVM2SR,2,88,3633,1,54,49
1,debugIJTH5Z,debugURZBAF,debugIVM2SR,2,89,3382,7,41,28
1,debugIJTH5Z,debugURZBAF,debugIVM2SR,2,90,4820,6,46,52
1,debugIJTH5Z,debugURZBAF,debugIVM2SR,2,91,2662,5,14,51
1,debugIJTH5Z,debugURZBAF,debugIVM2SR,2,92,11804,6,14,59
1,debugIJTH5Z,debugURZBAF,debugIVM2SR,2,93,4911,5,38,44
1,debugIJTH5Z,debugURZBAF,debugIVM2SR,2,94,3033,7,57,52
1,debugIJTH5Z,debugURZBAF,debugIVM2SR,2,95,3064,3,50,43
1,debugIJTH5Z,debugURZBAF,debugIVM2SR,2,96,3449,7,14,47
1,debugIJTH5Z,debugURZBAF,debugIVM2SR,2,97,12715,6,45,20
1,debugIJTH5Z,debugURZBAF,debugIVM2SR,2,98,5308,5,38,14
1,debugIJTH5Z,debugURZBAF,debugIVM2SR,2,99,2939,5,17,14
1,debugIJTH5Z,debugURZBAF,debugIVM2SR,2,100,3211,5,41,43
1,debugIJTH5Z,debugURZBAF,debugIVM2SR,2,101,5628,5,58,54
1,debugIJTH5Z,debugURZBAF,debugIVM2SR,2,102,8320,4,38,52
1,debugIJTH5Z,debugURZBAF,debugIVM2SR,2,103,4517,7,53,42
1,debugIJTH5Z,debugURZBAF,debugIVM2SR,2,104,3556,6,55,20
1,debugIJTH5Z,debugURZBAF,debugIVM2SR,2,105,3324,6,52,45
1,debugIJTH5Z,debugURZBAF,debugIVM2SR,2,106,2638,7,50,56
1,debugIJTH5Z,debugURZBAF,debugIVM2SR,2,107,5367,6,45,38
1,debugIJTH5Z,debugURZBAF,debugIVM2SR,2,108,2465,7,55,57
1,debugIJTH5Z,debugURZBAF,debugIVM2SR,2,109,4015,8,48,44
1,debugIJTH5Z,debugURZBAF,debugIVM2SR,2,110,3974,5,17,54
1,debugIJTH5Z,debugURZBAF,debugIVM2SR,2,111,3676,4,38,20
1,debugIJTH5Z,debugURZBAF,debugIVM2SR,2,112,3159,4,50,38
1,debugIJTH5Z,debugURZBAF,debugIVM2SR,2,113,3946,3,38,57
1,debugIJTH5Z,debugURZBAF,debugIVM2SR,3,114,2038,true,38,38
1,debugIJTH5Z,debugURZBAF,debugIVM2SR,2,115,6778,3,46,51
1,debugIJTH5Z,debugURZBAF,debugIVM2SR,2,116,5362,3,14,51
1,debugIJTH5Z,debugURZBAF,debugIVM2SR,2,117,2827,4,46,52
1,debugIJTH5Z,debugURZBAF,debugIVM2SR,2,118,3620,4,38,52
1,debugIJTH5Z,debugURZBAF,debugIVM2SR,2,119,2313,1,54,49
1,debugIJTH5Z,debugURZBAF,debugIVM2SR,2,120,3007,3,50,20
1,debugIJTH5Z,debugURZBAF,debugIVM2SR,2,121,10766,5,14,59
1,debugIJTH5Z,debugURZBAF,debugIVM2SR,2,122,3792,4,50,43
1,debugIJTH5Z,debugURZBAF,debugIVM2SR,2,123,2796,6,38,14
1,debugIJTH5Z,debugURZBAF,debugIVM2SR,2,124,6371,8,53,42
1,debugIJTH5Z,debugURZBAF,debugIVM2SR,2,125,3660,7,14,47
1,debugIJTH5Z,debugURZBAF,debugIVM2SR,2,126,2611,6,14,54
1,debugIJTH5Z,debugURZBAF,debugIVM2SR,2,127,6775,6,38,20
1,debugIJTH5Z,debugURZBAF,debugIVM2SR,2,128,4611,5,45,20
1,debugIJTH5Z,debugURZBAF,debugIVM2SR,2,129,3908,7,55,57
1,debugIJTH5Z,debugURZBAF,debugIVM2SR,2,130,7457,6,54,47
1,debugIJTH5Z,debugURZBAF,debugIVM2SR,2,131,4876,5,41,43
1,debugIJTH5Z,debugURZBAF,debugIVM2SR,2,132,3002,5,58,54
1,debugIJTH5Z,debugURZBAF,debugIVM2SR,2,133,3166,5,17,54
1,debugIJTH5Z,debugURZBAF,debugIVM2SR,2,134,2926,8,48,44
1,debugIJTH5Z,debugURZBAF,debugIVM2SR,2,135,5016,7,52,45
1,debugIJTH5Z,debugURZBAF,debugIVM2SR,2,136,8078,6,50,56
1,debugIJTH5Z,debugURZBAF,debugIVM2SR,2,137,3123,3,55,50
1,debugIJTH5Z,debugURZBAF,debugIVM2SR,2,138,3110,4,50,38
1,debugIJTH5Z,debugURZBAF,debugIVM2SR,2,139,3202,4,38,57
1,debugIJTH5Z,debugURZBAF,debugIVM2SR,2,140,8774,3,55,20
1,debugIJTH5Z,debugURZBAF,debugIVM2SR,2,141,4039,2,58,42
1,debugIJTH5Z,debugURZBAF,debugIVM2SR,2,142,6181,3,45,38
1,debugIJTH5Z,debugURZBAF,debugIVM2SR,2,143,5753,3,20,53
1,debugIJTH5Z,debugURZBAF,debugIVM2SR,2,144,2588,6,17,14
1,debugIJTH5Z,debugURZBAF,debugIVM2SR,2,145,2900,5,38,44
1,debugIJTH5Z,debugURZBAF,debugIVM2SR,2,146,2444,5,41,28
1,debugIJTH5Z,debugURZBAF,debugIVM2SR,2,147,2660,6,57,52
2,debugXRI15V,debugWZ100H,debugCP5QRD,0,5,7028,4,50,43
2,debugXRI15V,debugWZ100H,debugCP5QRD,1,7,6791,4,50,53
2,debugXRI15V,debugWZ100H,debugCP5QRD,1,8,4600,2,58,45
2,debugXRI15V,debugWZ100H,debugCP5QRD,1,9,3968,6,54,46
2,debugXRI15V,debugWZ100H,debugCP5QRD,1,10,2266,1,43,49
2,debugXRI15V,debugWZ100H,debugCP5QRD,1,11,4189,4,56,14
2,debugXRI15V,debugWZ100H,debugCP5QRD,2,13,5008,2,17,14
2,debugXRI15V,debugWZ100H,debugCP5QRD,2,14,5663,3,14,54
2,debugXRI15V,debugWZ100H,debugCP5QRD,2,15,3807,3,55,50
2,debugXRI15V,debugWZ100H,debugCP5QRD,2,16,3098,2,58,42
2,debugXRI15V,debugWZ100H,debugCP5QRD,2,17,4437,5,38,52
2,debugXRI15V,debugWZ100H,debugCP5QRD,2,18,8005,3,38,20
2,debugXRI15V,debugWZ100H,debugCP5QRD,2,19,6053,3,46,51
2,debugXRI15V,debugWZ100H,debugCP5QRD,2,20,4941,4,54,47
2,debugXRI15V,debugWZ100H,debugCP5QRD,2,21,3273,6,48,44
2,debugXRI15V,debugWZ100H,debugCP5QRD,2,22,8078,6,53,42
2,debugXRI15V,debugWZ100H,debugCP5QRD,2,23,2545,7,50,56
2,debugXRI15V,debugWZ100H,debugCP5QRD,2,24,4102,6,50,38
2,debugXRI15V,debugWZ100H,debugCP5QRD,2,25,2610,1,54,49
2,debugXRI15V,debugWZ100H,debugCP5QRD,2,26,3382,3,14,59
2,debugXRI15V,debugWZ100H,debugCP5QRD,2,27,3439,4,14,47
2,debugXRI15V,debugWZ100H,debugCP5QRD,2,28,2141,1,17,54
2,debugXRI15V,debugWZ100H,debugCP5QRD,2,29,8154,4,38,14
2,debugXRI15V,debugWZ100H,debugCP5QRD,2,30,4114,4,58,54
2,debugXRI15V,debugWZ100H,debugCP5QRD,2,31,4294,5,55,57
2,debugXRI15V,debugWZ100H,debugCP5QRD,2,32,3365,4,38,44
2,debugXRI15V,debugWZ100H,debugCP5QRD,2,33,3868,6,57,52
2,debugXRI15V,debugWZ100H,debugCP5QRD,2,34,4443,3,41,43
2,debugXRI15V,debugWZ100H,debugCP5QRD,2,35,2778,6,45,20
2,debugXRI15V,debugWZ100H,debugCP5QRD,2,36,3272,3,50,20
2,debugXRI15V,debugWZ100H,debugCP5QRD,2,37,5612,5,38,57
2,debugXRI15V,debugWZ100H,debugCP5QRD,2,38,8671,5,41,28
2,debugXRI15V,debugWZ100H,debugCP5QRD,2,39,9843,3,50,43
2,debugXRI15V,debugWZ100H,debugCP5QRD,2,40,6830,4,20,53
2,debugXRI15V,debugWZ100H,debugCP5QRD,2,41,3293,2,46,52
2,debugXRI15V,debugWZ100H,debugCP5QRD,2,42,9612,3,52,45
2,debugXRI15V,debugWZ100H,debugCP5QRD,2,43,3942,4,45,38
2,debugXRI15V,debugWZ100H,debugCP5QRD,2,44,4491,5,14,51
2,debugXRI15V,debugWZ100H,debugCP5QRD,2,45,4784,3,55,20
2,debugXRI15V,debugWZ100H,debugCP5QRD,3,46,2459,true,14,14
2,debugXRI15V,debugWZ100H,debugCP5QRD,2,47,3620,5,48,44
2,debugXRI15V,debugWZ100H,debugCP5QRD,2,48,4612,4,54,47
2,debugXRI15V,debugWZ100H,debugCP5QRD,2,49,3708,6,14,47
2,debugXRI15V,debugWZ100H,debugCP5QRD,2,50,5576,5,38,57
2,debugXRI15V,debugWZ100H,debugCP5QRD,2,51,4164,7,57,52
2,debugXRI15V,debugWZ100H,debugCP5QRD,2,52,4003,5,38,14
2,debugXRI15V,debugWZ100H,debugCP5QRD,2,53,3852,5,55,57
2,debugXRI15V,debugWZ100H,debugCP5QRD,2,54,4464,5,53,42
2,debugXRI15V,debugWZ100H,debugCP5QRD,2,55,36297,3,38,52
2,debugXRI15V,debugWZ100H,debugCP5QRD,2,56,2934,1,38,20
2,debugXRI15V,debugWZ100H,debugCP5QRD,2,57,9875,2,55,50
2,debugXRI15V,debugWZ100H,debugCP5QRD,2,58,2941,4,14,51
2,debugXRI15V,debugWZ100H,debugCP5QRD,2,59,3589,6,50,20
2,debugXRI15V,debugWZ100H,debugCP5QRD,2,60,5617,6,14,59
2,debugXRI15V,debugWZ100H,debugCP5QRD,2,61,5425,4,46,52
2,debugXRI15V,debugWZ100H,debugCP5QRD,2,62,2934,2,58,42
2,debugXRI15V,debugWZ100H,debugCP5QRD,2,63,3486,2,50,43
2,debugXRI15V,debugWZ100H,debugCP5QRD,2,64,3258,3,58,54
2,debugXRI15V,debugWZ100H,debugCP5QRD,2,65,4389,2,17,14
2,debugXRI15V,debugWZ100H,debugCP5QRD,2,66,4473,4,50,56
2,debugXRI15V,debugWZ100H,debugCP5QRD,2,67,2254,1,54,49
2,debugXRI15V,debugWZ100H,debugCP5QRD,2,68,4988,5,41,28
2,debugXRI15V,debugWZ100H,debugCP5QRD,2,69,30215,6,20,53
2,debugXRI15V,debugWZ100H,debugCP5QRD,2,70,7544,4,45,38
2,debugXRI15V,debugWZ100H,debugCP5QRD,2,71,46660,3,55,20
2,debugXRI15V,debugWZ100H,debugCP5QRD,2,72,9669,5,38,44
2,debugXRI15V,debugWZ100H,debugCP5QRD,2,73,8409,5,45,20
2,debugXRI15V,debugWZ100H,debugCP5QRD,2,74,19167,6,52,45
2,debugXRI15V,debugWZ100H,debugCP5QRD,2,75,4088,4,46,51
2,debugXRI15V,debugWZ100H,debugCP5QRD,2,76,42741,2,17,54
2,debugXRI15V,debugWZ100H,debugCP5QRD,2,77,3973,4,41,43
2,debugXRI15V,debugWZ100H,debugCP5QRD,2,78,3480,6,50,38
2,debugXRI15V,debugWZ100H,debugCP5QRD,2,79,4961,6,14,54
2,debugXRI15V,debugWZ100H,debugCP5QRD,2,81,4113,7,50,56
2,debugXRI15V,debugWZ100H,debugCP5QRD,2,82,3312,5,50,38
2,debugXRI15V,debugWZ100H,debugCP5QRD,2,83,4363,3,58,54
2,debugXRI15V,debugWZ100H,debugCP5QRD,2,84,1870,1,54,49
2,debugXRI15V,debugWZ100H,debugCP5QRD,2,85,5623,3,50,20
2,debugXRI15V,debugWZ100H,debugCP5QRD,2,86,6116,4,38,57
2,debugXRI15V,debugWZ100H,debugCP5QRD,2,87,2836,6,57,52
2,debugXRI15V,debugWZ100H,debugCP5QRD,2,88,4746,4,38,44
2,debugXRI15V,debugWZ100H,debugCP5QRD,2,89,2530,2,17,54
2,debugXRI15V,debugWZ100H,debugCP5QRD,2,90,3253,2,17,14
2,debugXRI15V,debugWZ100H,debugCP5QRD,2,91,48274,5,54,47
2,debugXRI15V,debugWZ100H,debugCP5QRD,2,92,2819,3,50,43
2,debugXRI15V,debugWZ100H,debugCP5QRD,2,93,5001,4,14,51
2,debugXRI15V,debugWZ100H,debugCP5QRD,2,94,14330,3,55,20
2,debugXRI15V,debugWZ100H,debugCP5QRD,2,95,20850,3,55,50
2,debugXRI15V,debugWZ100H,debugCP5QRD,2,96,6215,3,45,38
2,debugXRI15V,debugWZ100H,debugCP5QRD,2,97,4293,4,38,52
2,debugXRI15V,debugWZ100H,debugCP5QRD,2,98,3353,6,55,57
2,debugXRI15V,debugWZ100H,debugCP5QRD,2,99,2686,6,45,20
2,debugXRI15V,debugWZ100H,debugCP5QRD,2,100,3835,6,41,28
2,debugXRI15V,debugWZ100H,debugCP5QRD,2,101,2890,3,46,51
2,debugXRI15V,debugWZ100H,debugCP5QRD,2,102,3231,5,53,42
2,debugXRI15V,debugWZ100H,debugCP5QRD,2,103,4776,4,14,59
2,debugXRI15V,debugWZ100H,debugCP5QRD,2,104,8636,5,14,54
2,debugXRI15V,debugWZ100H,debugCP5QRD,2,105,5669,6,48,44
2,debugXRI15V,debugWZ100H,debugCP5QRD,2,106,25221,5,14,47
2,debugXRI15V,debugWZ100H,debugCP5QRD,2,107,8740,4,38,14
2,debugXRI15V,debugWZ100H,debugCP5QRD,2,108,5385,2,58,42
2,debugXRI15V,debugWZ100H,debugCP5QRD,2,109,3457,2,38,20
2,debugXRI15V,debugWZ100H,debugCP5QRD,2,110,9454,3,41,43
2,debugXRI15V,debugWZ100H,debugCP5QRD,2,111,3025,3,46,52
2,debugXRI15V,debugWZ100H,debugCP5QRD,2,112,5542,5,52,45
2,debugXRI15V,debugWZ100H,debugCP5QRD,2,113,4036,5,20,53
2,debugXRI15V,debugWZ100H,debugCP5QRD,3,114,3114,true,50,50
2,debugXRI15V,debugWZ100H,debugCP5QRD,2,115,6349,4,14,51
2,debugXRI15V,debugWZ100H,debugCP5QRD,2,116,4254,5,20,53
2,debugXRI15V,debugWZ100H,debugCP5QRD,2,117,10015,3,38,44
2,debugXRI15V,debugWZ100H,debugCP5QRD,2,118,5350,3,46,52
2,debugXRI15V,debugWZ100H,debugCP5QRD,2,119,3172,3,55,50
2,debugXRI15V,debugWZ100H,debugCP5QRD,2,120,3783,6,41,28
2,debugXRI15V,debugWZ100H,debugCP5QRD,2,121,4006,3,55,20
2,debugXRI15V,debugWZ100H,debugCP5QRD,2,122,5893,2,45,38
2,debugXRI15V,debugWZ100H,debugCP5QRD,2,123,7185,4,38,14
2,debugXRI15V,debugWZ100H,debugCP5QRD,2,124,3115,6,52,45
2,debugXRI15V,debugWZ100H,debugCP5QRD,2,125,5584,5,14,59
2,debugXRI15V,debugWZ100H,debugCP5QRD,2,126,3660,5,50,38
2,debugXRI15V,debugWZ100H,debugCP5QRD,2,127,4669,4,14,54
2,debugXRI15V,debugWZ100H,debugCP5QRD,2,128,6063,4,55,57
2,debugXRI15V,debugWZ100H,debugCP5QRD,2,129,5201,3,38,20
2,debugXRI15V,debugWZ100H,debugCP5QRD,2,130,2562,2,58,42
2,debugXRI15V,debugWZ100H,debugCP5QRD,2,131,3509,7,50,56
2,debugXRI15V,debugWZ100H,debugCP5QRD,2,132,4815,4,38,57
2,debugXRI15V,debugWZ100H,debugCP5QRD,2,133,2446,5,53,42
2,debugXRI15V,debugWZ100H,debugCP5QRD,2,134,2865,5,45,20
2,debugXRI15V,debugWZ100H,debugCP5QRD,2,135,2925,3,41,43
2,debugXRI15V,debugWZ100H,debugCP5QRD,2,136,3440,3,50,20
2,debugXRI15V,debugWZ100H,debugCP5QRD,2,137,2665,6,48,44
2,debugXRI15V,debugWZ100H,debugCP5QRD,2,138,4600,3,50,43
2,debugXRI15V,debugWZ100H,debugCP5QRD,2,139,4835,3,58,54
2,debugXRI15V,debugWZ100H,debugCP5QRD,2,140,2547,2,17,14
2,debugXRI15V,debugWZ100H,debugCP5QRD,2,141,2508,1,54,49
2,debugXRI15V,debugWZ100H,debugCP5QRD,2,142,4629,6,57,52
2,debugXRI15V,debugWZ100H,debugCP5QRD,2,143,2540,2,17,54
2,debugXRI15V,debugWZ100H,debugCP5QRD,2,144,6150,4,38,52
2,debugXRI15V,debugWZ100H,debugCP5QRD,2,145,3376,3,46,51
2,debugXRI15V,debugWZ100H,debugCP5QRD,2,146,7250,5,14,47
2,debugXRI15V,debugWZ100H,debugCP5QRD,2,147,6197,6,54,47
3,debugHMW9LO,debugLK7MDR,debugUR5VB7,0,5,20814,3,50,20
3,debugHMW9LO,debugLK7MDR,debugUR5VB7,1,7,7339,6,41,47
3,debugHMW9LO,debugLK7MDR,debugUR5VB7,1,8,6256,7,43,38
3,debugHMW9LO,debugLK7MDR,debugUR5VB7,1,9,6184,7,58,54
3,debugHMW9LO,debugLK7MDR,debugUR5VB7,1,10,2756,2,50,46
3,debugHMW9LO,debugLK7MDR,debugUR5VB7,1,11,8144,3,14,59
3,debugHMW9LO,debugLK7MDR,debugUR5VB7,2,13,12293,3,54,47
3,debugHMW9LO,debugLK7MDR,debugUR5VB7,2,14,5993,5,45,20
3,debugHMW9LO,debugLK7MDR,debugUR5VB7,2,15,4090,1,46,52
3,debugHMW9LO,debugLK7MDR,debugUR5VB7,2,16,2624,1,17,14
3,debugHMW9LO,debugLK7MDR,debugUR5VB7,2,17,5965,7,38,52
3,debugHMW9LO,debugLK7MDR,debugUR5VB7,2,18,4797,5,41,28
3,debugHMW9LO,debugLK7MDR,debugUR5VB7,2,19,4389,3,38,14
3,debugHMW9LO,debugLK7MDR,debugUR5VB7,2,20,3206,1,50,20
3,debugHMW9LO,debugLK7MDR,debugUR5VB7,2,21,3004,1,58,42
3,debugHMW9LO,debugLK7MDR,debugUR5VB7,2,22,6197,1,45,38
3,debugHMW9LO,debugLK7MDR,debugUR5VB7,2,23,3613,1,17,54
3,debugHMW9LO,debugLK7MDR,debugUR5VB7,2,24,2657,3,58,54
3,debugHMW9LO,debugLK7MDR,debugUR5VB7,2,25,10514,5,53,42
3,debugHMW9LO,debugLK7MDR,debugUR5VB7,2,26,3318,5,14,59
3,debugHMW9LO,debugLK7MDR,debugUR5VB7,2,27,17880,6,14,54
3,debugHMW9LO,debugLK7MDR,debugUR5VB7,2,28,6310,5,14,51
3,debugHMW9LO,debugLK7MDR,debugUR5VB7,2,29,5524,3,20,53
3,debugHMW9LO,debugLK7MDR,debugUR5VB7,2,30,3454,6,14,47
3,debugHMW9LO,debugLK7MDR,debugUR5VB7,2,31,4990,3,38,44
3,debugHMW9LO,debugLK7MDR,debugUR5VB7,2,32,3441,2,41,43
3,debugHMW9LO,debugLK7MDR,debugUR5VB7,2,33,2856,1,38,20
3,debugHMW9LO,debugLK7MDR,debugUR5VB7,2,34,3368,3,55,57
3,debugHMW9LO,debugLK7MDR,debugUR5VB7,2,35,4450,7,57,52
3,debugHMW9LO,debugLK7MDR,debugUR5VB7,2,36,3249,5,52,45
3,debugHMW9LO,debugLK7MDR,debugUR5VB7,2,37,2112,1,46,51
3,debugHMW9LO,debugLK7MDR,debugUR5VB7,2,38,7723,5,38,57
3,debugHMW9LO,debugLK7MDR,debugUR5VB7,2,39,2380,1,54,49
3,debugHMW9LO,debugLK7MDR,debugUR5VB7,2,40,7851,4,48,44
3,debugHMW9LO,debugLK7MDR,debugUR5VB7,2,41,3310,1,55,20
3,debugHMW9LO,debugLK7MDR,debugUR5VB7,2,42,2445,1,50,43
3,debugHMW9LO,debugLK7MDR,debugUR5VB7,2,43,1680,1,55,50
3,debugHMW9LO,debugLK7MDR,debugUR5VB7,2,44,4397,5,50,38
3,debugHMW9LO,debugLK7MDR,debugUR5VB7,2,45,5384,6,50,56
3,debugHMW9LO,debugLK7MDR,debugUR5VB7,3,46,2518,true,50,50
3,debugHMW9LO,debugLK7MDR,debugUR5VB7,2,47,2958,2,55,20
3,debugHMW9LO,debugLK7MDR,debugUR5VB7,2,48,3811,3,58,54
3,debugHMW9LO,debugLK7MDR,debugUR5VB7,2,49,7957,5,14,59
3,debugHMW9LO,debugLK7MDR,debugUR5VB7,2,50,4209,6,50,38
3,debugHMW9LO,debugLK7MDR,debugUR5VB7,2,51,3318,2,14,51
3,debugHMW9LO,debugLK7MDR,debugUR5VB7,2,52,2050,1,55,50
3,debugHMW9LO,debugLK7MDR,debugUR5VB7,2,53,2689,6,14,47
3,debugHMW9LO,debugLK7MDR,debugUR5VB7,2,54,4472,7,50,56
3,debugHMW9LO,debugLK7MDR,debugUR5VB7,2,55,2198,1,50,20
3,debugHMW9LO,debugLK7MDR,debugUR5VB7,2,56,1702,1,50,43
3,debugHMW9LO,debugLK7MDR,debugUR5VB7,2,57,2964,3,41,28
3,debugHMW9LO,debugLK7MDR,debugUR5VB7,2,58,2533,1,46,51
3,debugHMW9LO,debugLK7MDR,debugUR5VB7,2,59,3078,1,38,20
3,debugHMW9LO,debugLK7MDR,debugUR5VB7,2,60,1931,1,58,42
3,debugHMW9LO,debugLK7MDR,debugUR5VB7,2,61,4278,7,57,52
3,debugHMW9LO,debugLK7MDR,debugUR5VB7,2,62,3138,4,38,44
3,debugHMW9LO,debugLK7MDR,debugUR5VB7,2,63,6632,3,55,57
3,debugHMW9LO,debugLK7MDR,debugUR5VB7,2,64,1954,1,54,49
3,debugHMW9LO,debugLK7MDR,debugUR5VB7,2,65,5546,6,45,20
3,debugHMW9LO,debugLK7MDR,debugUR5VB7,2,66,2922,1,20,53
3,debugHMW9LO,debugLK7MDR,debugUR5VB7,2,67,3338,7,38,52
3,debugHMW9LO,debugLK7MDR,debugUR5VB7,2,68,2401,2,52,45
3,debugHMW9LO,debugLK7MDR,debugUR5VB7,2,69,3266,1,41,43
3,debugHMW9LO,debugLK7MDR,debugUR5VB7,2,70,3581,6,48,44
3,debugHMW9LO,debugLK7MDR,debugUR5VB7,2,71,3729,1,17,14
3,debugHMW9LO,debugLK7MDR,debugUR5VB7,2,72,2652,4,14,54
3,debugHMW9LO,debugLK7MDR,debugUR5VB7,2,73,3684,3,54,47
3,debugHMW9LO,debugLK7MDR,debugUR5VB7,2,74,2316,1,45,38
3,debugHMW9LO,debugLK7MDR,debugUR5VB7,2,75,3823,4,38,14
3,debugHMW9LO,debugLK7MDR,debugUR5VB7,2,76,3720,3,53,42
3,debugHMW9LO,debugLK7MDR,debugUR5VB7,2,77,5862,3,38,57
3,debugHMW9LO,debugLK7MDR,debugUR5VB7,2,78,1765,1,17,54
3,debugHMW9LO,debugLK7MDR,debugUR5VB7,2,79,2078,1,46,52
3,debugHMW9LO,debugLK7MDR,debugUR5VB7,2,81,3092,5,58,54
3,debugHMW9LO,debugLK7MDR,debugUR5VB7,2,82,1772,1,54,49
3,debugHMW9LO,debugLK7MDR,debugUR5VB7,2,83,3511,3,20,53
3,debugHMW9LO,debugLK7MDR,debugUR5VB7,2,84,5930,3,14,59
3,debugHMW9LO,debugLK7MDR,debugUR5VB7,2,85,13889,4,38,14
3,debugHMW9LO,debugLK7MDR,debugUR5VB7,2,86,2757,1,46,51
3,debugHMW9LO,debugLK7MDR,debugUR5VB7,2,87,4331,5,38,57
3,debugHMW9LO,debugLK7MDR,debugUR5VB7,2,88,5975,7,48,44
3,debugHMW9LO,debugLK7MDR,debugUR5VB7,2,89,2011,1,17,14
3,debugHMW9LO,debugLK7MDR,debugUR5VB7,2,90,4327,6,55,57
3,debugHMW9LO,debugLK7MDR,debugUR5VB7,2,91,2253,1,50,43
3,debugHMW9LO,debugLK7MDR,debugUR5VB7,2,92,3368,2,45,38
3,debugHMW9LO,debugLK7MDR,debugUR5VB7,2,93,2985,2,54,47
3,debugHMW9LO,debugLK7MDR,debugUR5VB7,2,94,5153,2,14,51
3,debugHMW9LO,debugLK7MDR,debugUR5VB7,2,95,7266,2,52,45
3,debugHMW9LO,debugLK7MDR,debugUR5VB7,2,96,1793,1,55,50
3,debugHMW9LO,debugLK7MDR,debugUR5VB7,2,97,5015,6,53,42
3,debugHMW9LO,debugLK7MDR,debugUR5VB7,2,98,3077,3,55,20
3,debugHMW9LO,debugLK7MDR,debugUR5VB7,2,99,4583,6,50,56
3,debugHMW9LO,debugLK7MDR,debugUR5VB7,2,100,2433,1,58,42
3,debugHMW9LO,debugLK7MDR,debugUR5VB7,2,101,6585,8,38,52
3,debugHMW9LO,debugLK7MDR,debugUR5VB7,2,102,2192,1,50,20
3,debugHMW9LO,debugLK7MDR,debugUR5VB7,2,103,3009,3,38,44
3,debugHMW9LO,debugLK7MDR,debugUR5VB7,2,104,3463,6,14,47
3,debugHMW9LO,debugLK7MDR,debugUR5VB7,2,105,4259,6,45,20
3,debugHMW9LO,debugLK7MDR,debugUR5VB7,2,106,3904,5,14,54
3,debugHMW9LO,debugLK7MDR,debugUR5VB7,2,107,6565,4,41,43
3,debugHMW9LO,debugLK7MDR,debugUR5VB7,2,108,4885,1,46,52
3,debugHMW9LO,debugLK7MDR,debugUR5VB7,2,109,3229,7,50,38
3,debugHMW9LO,debugLK7MDR,debugUR5VB7,2,110,3988,3,41,28
3,debugHMW9LO,debugLK7MDR,debugUR5VB7,2,111,8018,6,57,52
3,debugHMW9LO,debugLK7MDR,debugUR5VB7,2,112,2348,1,17,54
3,debugHMW9LO,debugLK7MDR,debugUR5VB7,2,113,1617,1,38,20
3,debugHMW9LO,debugLK7MDR,debugUR5VB7,3,114,2202,true,56,56
3,debugHMW9LO,debugLK7MDR,debugUR5VB7,2,115,8551,6,54,47
3,debugHMW9LO,debugLK7MDR,debugUR5VB7,2,116,3728,5,14,54
3,debugHMW9LO,debugLK7MDR,debugUR5VB7,2,117,2593,2,45,38
3,debugHMW9LO,debugLK7MDR,debugUR5VB7,2,118,3202,7,50,38
3,debugHMW9LO,debugLK7MDR,debugUR5VB7,2,119,2087,1,17,14
3,debugHMW9LO,debugLK7MDR,debugUR5VB7,2,120,1918,1,50,20
3,debugHMW9LO,debugLK7MDR,debugUR5VB7,2,121,3251,5,55,57
3,debugHMW9LO,debugLK7MDR,debugUR5VB7,2,122,6764,5,38,57
3,debugHMW9LO,debugLK7MDR,debugUR5VB7,2,123,3073,1,14,51
3,debugHMW9LO,debugLK7MDR,debugUR5VB7,2,124,3960,3,58,54
3,debugHMW9LO,debugLK7MDR,debugUR5VB7,2,125,2852,1,58,42
3,debugHMW9LO,debugLK7MDR,debugUR5VB7,2,126,2484,4,53,42
3,debugHMW9LO,debugLK7MDR,debugUR5VB7,2,127,4835,7,50,56
3,debugHMW9LO,debugLK7MDR,debugUR5VB7,2,128,2092,1,17,54
3,debugHMW9LO,debugLK7MDR,debugUR5VB7,2,129,4340,2,55,20
3,debugHMW9LO,debugLK7MDR,debugUR5VB7,2,130,6663,3,20,53
3,debugHMW9LO,debugLK7MDR,debugUR5VB7,2,131,2490,6,14,47
3,debugHMW9LO,debugLK7MDR,debugUR5VB7,2,132,3339,2,50,43
3,debugHMW9LO,debugLK7MDR,debugUR5VB7,2,133,4584,7,38,52
3,debugHMW9LO,debugLK7MDR,debugUR5VB7,2,134,3661,5,38,14
3,debugHMW9LO,debugLK7MDR,debugUR5VB7,2,135,4535,6,57,52
3,debugHMW9LO,debugLK7MDR,debugUR5VB7,2,136,4768,6,14,59
3,debugHMW9LO,debugLK7MDR,debugUR5VB7,2,137,3869,3,41,28
3,debugHMW9LO,debugLK7MDR,debugUR5VB7,2,138,3905,1,46,52
3,debugHMW9LO,debugLK7MDR,debugUR5VB7,2,139,5623,2,52,45
3,debugHMW9LO,debugLK7MDR,debugUR5VB7,2,140,1721,1,54,49
3,debugHMW9LO,debugLK7MDR,debugUR5VB7,2,141,6069,3,41,43
3,debugHMW9LO,debugLK7MDR,debugUR5VB7,2,142,2533,1,46,51
3,debugHMW9LO,debugLK7MDR,debugUR5VB7,2,143,3709,5,45,20
3,debugHMW9LO,debugLK7MDR,debugUR5VB7,2,144,2971,7,48,44
3,debugHMW9LO,debugLK7MDR,debugUR5VB7,2,145,2793,1,38,20
3,debugHMW9LO,debugLK7MDR,debugUR5VB7,2,146,11716,2,38,44
3,debugHMW9LO,debugLK7MDR,debugUR5VB7,2,147,2349,1,55,50
4,debugZTF4AI,debug97999S,debugPMFH95,0,5,15221,3,16,2
4,debugZTF4AI,debug97999S,debugPMFH95,1,7,5829,5,10,25
4,debugZTF4AI,debug97999S,debugPMFH95,1,8,8993,3,1,24
4,debugZTF4AI,debug97999S,debugPMFH95,1,9,8482,4,23,14
4,debugZTF4AI,debug97999S,debugPMFH95,1,10,7033,5,25,4
4,debugZTF4AI,debug97999S,debugPMFH95,1,11,10218,5,13,4
4,debugZTF4AI,debug97999S,debugPMFH95,2,13,7738,3,17,22
4,debugZTF4AI,debug97999S,debugPMFH95,2,14,7301,6,2,19
4,debugZTF4AI,debug97999S,debugPMFH95,2,15,5346,2,11,21
4,debugZTF4AI,debug97999S,debugPMFH95,2,16,3074,4,15,24
4,debugZTF4AI,debug97999S,debugPMFH95,2,17,3350,4,10,25
4,debugZTF4AI,debug97999S,debugPMFH95,2,18,3857,6,8,18
4,debugZTF4AI,debug97999S,debugPMFH95,2,19,3281,7,3,17
4,debugZTF4AI,debug97999S,debugPMFH95,2,20,3480,6,6,7
4,debugZTF4AI,debug97999S,debugPMFH95,2,21,4628,8,9,20
4,debugZTF4AI,debug97999S,debugPMFH95,2,22,5238,4,22,11
4,debugZTF4AI,debug97999S,debugPMFH95,2,23,3852,7,5,1
4,debugZTF4AI,debug97999S,debugPMFH95,2,24,3523,5,13,3
4,debugZTF4AI,debug97999S,debugPMFH95,2,25,3137,8,3,15
4,debugZTF4AI,debug97999S,debugPMFH95,2,26,3371,6,4,18
4,debugZTF4AI,debug97999S,debugPMFH95,2,27,2784,7,13,20
4,debugZTF4AI,debug97999S,debugPMFH95,2,28,4038,5,20,2
4,debugZTF4AI,debug97999S,debugPMFH95,2,29,3725,3,17,5
4,debugZTF4AI,debug97999S,debugPMFH95,2,30,4031,6,11,5
4,debugZTF4AI,debug97999S,debugPMFH95,2,31,3861,7,7,16
4,debugZTF4AI,debug97999S,debugPMFH95,2,32,2895,8,25,18
4,debugZTF4AI,debug97999S,debugPMFH95,2,33,5314,5,15,11
4,debugZTF4AI,debug97999S,debugPMFH95,2,34,3238,6,7,20
4,debugZTF4AI,debug97999S,debugPMFH95,2,35,2654,6,7,9
4,debugZTF4AI,debug97999S,debugPMFH95,2,36,4729,4,3,9
4,debugZTF4AI,debug97999S,debugPMFH95,2,37,4369,7,17,16
4,debugZTF4AI,debug97999S,debugPMFH95,2,38,2369,6,17,1
4,debugZTF4AI,debug97999S,debugPMFH95,2,39,4451,5,19,17
4,debugZTF4AI,debug97999S,debugPMFH95,2,40,2905,6,2,11
4,debugZTF4AI,debug97999S,debugPMFH95,2,41,5388,6,20,24
4,debugZTF4AI,debug97999S,debugPMFH95,2,42,2511,4,13,17
4,debugZTF4AI,debug97999S,debugPMFH95,2,43,2752,5,15,6
4,debugZTF4AI,debug97999S,debugPMFH95,2,44,7497,7,15,12
4,debugZTF4AI,debug97999S,debugPMFH95,2,45,3828,5,23,12
4,debugZTF4AI,debug97999S,debugPMFH95,3,46,2978,false,14,14
4,debugZTF4AI,debug97999S,debugPMFH95,2,47,2976,4,13,17
4,debugZTF4AI,debug97999S,debugPMFH95,2,48,6122,5,23,12
4,debugZTF4AI,debug97999S,debugPMFH95,2,49,2693,3,11,21
4,debugZTF4AI,debug97999S,debugPMFH95,2,50,4059,6,5,1
4,debugZTF4AI,debug97999S,debugPMFH95,2,51,4293,3,22,11
4,debugZTF4AI,debug97999S,debugPMFH95,2,52,6398,5,4,18
4,debugZTF4AI,debug97999S,debugPMFH95,2,53,5284,6,8,18
4,debugZTF4AI,debug97999S,debugPMFH95,2,54,4911,8,9,20
4,debugZTF4AI,debug97999S,debugPMFH95,2,55,3887,3,17,22
4,debugZTF4AI,debug97999S,debugPMFH95,2,56,4688,5,13,3
4,debugZTF4AI,debug97999S,debugPMFH95,2,57,4241,6,20,2
4,debugZTF4AI,debug97999S,debugPMFH95,2,58,6114,3,17,5
4,debugZTF4AI,debug97999S,debugPMFH95,2,59,5907,3,15,24
4,debugZTF4AI,debug97999S,debugPMFH95,2,60,3123,7,17,16
4,debugZTF4AI,debug97999S,debugPMFH95,2,61,2576,7,7,16
4,debugZTF4AI,debug97999S,debugPMFH95,2,62,3335,6,15,6
4,debugZTF4AI,debug97999S,debugPMFH95,2,63,3679,3,17,1
4,debugZTF4AI,debug97999S,debugPMFH95,2,64,3687,4,15,11
4,debugZTF4AI,debug97999S,debugPMFH95,2,65,4210,5,20,24
4,debugZTF4AI,debug97999S,debugPMFH95,2,66,4901,6,7,20
4,debugZTF4AI,debug97999S,debugPMFH95,2,67,4102,6,3,17
4,debugZTF4AI,debug97999S,debugPMFH95,2,68,3928,4,3,9
4,debugZTF4AI,debug97999S,debugPMFH95,2,69,4159,7,10,25
4,debugZTF4AI,debug97999S,debugPMFH95,2,70,6751,4,19,17
4,debugZTF4AI,debug97999S,debugPMFH95,2,71,4658,7,2,19
4,debugZTF4AI,debug97999S,debugPMFH95,2,72,2631,7,15,12
4,debugZTF4AI,debug97999S,debugPMFH95,2,73,3287,7,25,18
4,debugZTF4AI,debug97999S,debugPMFH95,2,74,2332,7,13,20
4,debugZTF4AI,debug97999S,debugPMFH95,2,75,8769,8,11,5
4,debugZTF4AI,debug97999S,debugPMFH95,2,76,4429,6,2,11
4,debugZTF4AI,debug97999S,debugPMFH95,2,77,3529,6,6,7
4,debugZTF4AI,debug97999S,debugPMFH95,2,78,5087,6,3,15
4,debugZTF4AI,debug97999S,debugPMFH95,2,79,3003,6,7,9
4,debugZTF4AI,debug97999S,debugPMFH95,2,81,5165,8,11,5
4,debugZTF4AI,debug97999S,debugPMFH95,2,82,3951,4,15,11
4,debugZTF4AI,debug97999S,debugPMFH95,2,83,4404,3,19,17
4,debugZTF4AI,debug97999S,debugPMFH95,2,84,5304,8,5,1
4,debugZTF4AI,debug97999S,debugPMFH95,2,85,3818,4,13,17
4,debugZTF4AI,debug97999S,debugPMFH95,2,86,9837,5,13,3
4,debugZTF4AI,debug97999S,debugPMFH95,2,87,3704,6,7,9
4,debugZTF4AI,debug97999S,debugPMFH95,2,88,2406,7,2,11
4,debugZTF4AI,debug97999S,debugPMFH95,2,89,2516,7,9,20
4,debugZTF4AI,debug97999S,debugPMFH95,2,90,3895,5,4,18
4,debugZTF4AI,debug97999S,debugPMFH95,2,91,2326,6,25,18
4,debugZTF4AI,debug97999S,debugPMFH95,2,92,2685,7,20,24
4,debugZTF4AI,debug97999S,debugPMFH95,2,93,2357,7,17,16
4,debugZTF4AI,debug97999S,debugPMFH95,2,94,2980,7,20,2
4,debugZTF4AI,debug97999S,debugPMFH95,2,95,3110,7,3,15
4,debugZTF4AI,debug97999S,debugPMFH95,2,96,3119,6,3,9
4,debugZTF4AI,debug97999S,debugPMFH95,2,97,3355,4,22,11
4,debugZTF4AI,debug97999S,debugPMFH95,2,98,3188,6,6,7
4,debugZTF4AI,debug97999S,debugPMFH95,2,99,6273,4,15,12
4,debugZTF4AI,debug97999S,debugPMFH95,2,100,3197,3,23,12
4,debugZTF4AI,debug97999S,debugPMFH95,2,101,4361,4,10,25
4,debugZTF4AI,debug97999S,debugPMFH95,2,102,3080,4,15,24
4,debugZTF4AI,debug97999S,debugPMFH95,2,103,2609,3,17,5
4,debugZTF4AI,debug97999S,debugPMFH95,2,104,3145,4,15,6
4,debugZTF4AI,debug97999S,debugPMFH95,2,105,2279,2,17,1
4,debugZTF4AI,debug97999S,debugPMFH95,2,106,3471,7,8,18
4,debugZTF4AI,debug97999S,debugPMFH95,2,107,5234,5,11,21
4,debugZTF4AI,debug97999S,debugPMFH95,2,108,4717,8,13,20
4,debugZTF4AI,debug97999S,debugPMFH95,2,109,4008,8,2,19
4,debugZTF4AI,debug97999S,debugPMFH95,2,110,3493,7,7,16
4,debugZTF4AI,debug97999S,debugPMFH95,2,111,3433,7,3,17
4,debugZTF4AI,debug97999S,debugPMFH95,2,112,2873,6,7,20
4,debugZTF4AI,debug97999S,debugPMFH95,2,113,2949,4,17,22
4,debugZTF4AI,debug97999S,debugPMFH95,3,114,2638,false,1,1
4,debugZTF4AI,debug97999S,debugPMFH95,2,115,6912,3,17,5
4,debugZTF4AI,debug97999S,debugPMFH95,2,116,3853,5,13,17
4,debugZTF4AI,debug97999S,debugPMFH95,2,117,4844,6,2,11
4,debugZTF4AI,debug97999S,debugPMFH95,2,118,2317,3,22,11
4,debugZTF4AI,debug97999S,debugPMFH95,2,119,3710,6,4,18
4,debugZTF4AI,debug97999S,debugPMFH95,2,120,2761,6,11,5
4,debugZTF4AI,debug97999S,debugPMFH95,2,121,2116,6,7,9
4,debugZTF4AI,debug97999S,debugPMFH95,2,122,2111,6,10,25
4,debugZTF4AI,debug97999S,debugPMFH95,2,123,3441,5,15,11
4,debugZTF4AI,debug97999S,debugPMFH95,2,124,3243,7,2,19
4,debugZTF4AI,debug97999S,debugPMFH95,2,125,4856,6,20,2
4,debugZTF4AI,debug97999S,debugPMFH95,2,126,4107,4,13,3
4,debugZTF4AI,debug97999S,debugPMFH95,2,127,4908,8,9,20
4,debugZTF4AI,debug97999S,debugPMFH95,2,128,3718,3,17,22
4,debugZTF4AI,debug97999S,debugPMFH95,2,129,5010,5,15,24
4,debugZTF4AI,debug97999S,debugPMFH95,2,130,3674,7,8,18
4,debugZTF4AI,debug97999S,debugPMFH95,2,131,2857,7,17,16
4,debugZTF4AI,debug97999S,debugPMFH95,2,132,2987,8,5,1
4,debugZTF4AI,debug97999S,debugPMFH95,2,133,4309,6,3,15
4,debugZTF4AI,debug97999S,debugPMFH95,2,134,3530,4,3,9
4,debugZTF4AI,debug97999S,debugPMFH95,2,135,2301,7,6,7
4,debugZTF4AI,debug97999S,debugPMFH95,2,136,3867,3,17,1
4,debugZTF4AI,debug97999S,debugPMFH95,2,137,3422,6,15,6
4,debugZTF4AI,debug97999S,debugPMFH95,2,138,6985,6,23,12
4,debugZTF4AI,debug97999S,debugPMFH95,2,139,2337,8,13,20
4,debugZTF4AI,debug97999S,debugPMFH95,2,140,3819,5,19,17
4,debugZTF4AI,debug97999S,debugPMFH95,2,141,2184,6,3,17
4,debugZTF4AI,debug97999S,debugPMFH95,2,142,2000,6,7,20
4,debugZTF4AI,debug97999S,debugPMFH95,2,143,4674,7,25,18
4,debugZTF4AI,debug97999S,debugPMFH95,2,144,3816,7,20,24
4,debugZTF4AI,debug97999S,debugPMFH95,2,145,2503,7,7,16
4,debugZTF4AI,debug97999S,debugPMFH95,2,146,3435,2,11,21
4,debugZTF4AI,debug97999S,debugPMFH95,2,147,3742,6,15,12
5,debug9X9GZT,debugO83MFY,debugNVJ3H1,0,5,28201,2,37,38
5,debug9X9GZT,debugO83MFY,debugNVJ3H1,1,7,4283,2,14,28
5,debug9X9GZT,debugO83MFY,debugNVJ3H1,1,8,3930,1,40,10
5,debug9X9GZT,debugO83MFY,debugNVJ3H1,1,9,11175,5,39,27
5,debug9X9GZT,debugO83MFY,debugNVJ3H1,1,10,4844,3,27,11
5,debug9X9GZT,debugO83MFY,debugNVJ3H1,1,11,10277,5,29,21
5,debug9X9GZT,debugO83MFY,debugNVJ3H1,2,13,20026,5,34,35
5,debug9X9GZT,debugO83MFY,debugNVJ3H1,2,14,4113,4,26,17
5,debug9X9GZT,debugO83MFY,debugNVJ3H1,2,15,3651,3,22,28
5,debug9X9GZT,debugO83MFY,debugNVJ3H1,2,16,4661,4,26,31
5,debug9X9GZT,debugO83MFY,debugNVJ3H1,2,17,8486,8,34,28
5,debug9X9GZT,debugO83MFY,debugNVJ3H1,2,18,6200,1,22,11
5,debug9X9GZT,debugO83MFY,debugNVJ3H1,2,19,2421,2,29,30
5,debug9X9GZT,debugO83MFY,debugNVJ3H1,2,20,2425,5,11,38
5,debug9X9GZT,debugO83MFY,debugNVJ3H1,2,21,3192,5,35,14
5,debug9X9GZT,debugO83MFY,debugNVJ3H1,2,22,4425,6,33,28
5,debug9X9GZT,debugO83MFY,debugNVJ3H1,2,23,2881,7,39,33
5,debug9X9GZT,debugO83MFY,debugNVJ3H1,2,24,3714,8,31,25
5,debug9X9GZT,debugO83MFY,debugNVJ3H1,2,25,2816,1,10,11
5,debug9X9GZT,debugO83MFY,debugNVJ3H1,2,26,2993,1,37,10
5,debug9X9GZT,debugO83MFY,debugNVJ3H1,2,27,5813,6,24,20
5,debug9X9GZT,debugO83MFY,debugNVJ3H1,2,28,2927,3,38,22
5,debug9X9GZT,debugO83MFY,debugNVJ3H1,2,29,2844,5,28,37
5,debug9X9GZT,debugO83MFY,debugNVJ3H1,2,30,2841,4,31,29
5,debug9X9GZT,debugO83MFY,debugNVJ3H1,2,31,2667,4,21,17
5,debug9X9GZT,debugO83MFY,debugNVJ3H1,2,32,3824,6,38,25
5,debug9X9GZT,debugO83MFY,debugNVJ3H1,2,33,3510,1,37,17
5,debug9X9GZT,debugO83MFY,debugNVJ3H1,2,34,2769,4,40,24
5,debug9X9GZT,debugO83MFY,debugNVJ3H1,2,35,2730,5,24,39
5,debug9X9GZT,debugO83MFY,debugNVJ3H1,2,36,3924,6,34,37
5,debug9X9GZT,debugO83MFY,debugNVJ3H1,2,37,2472,5,33,38
5,debug9X9GZT,debugO83MFY,debugNVJ3H1,2,38,2241,1,27,10
5,debug9X9GZT,debugO83MFY,debugNVJ3H1,2,39,2846,1,36,20
5,debug9X9GZT,debugO83MFY,debugNVJ3H1,2,40,2803,2,38,32
5,debug9X9GZT,debugO83MFY,debugNVJ3H1,2,41,2436,1,23,17
5,debug9X9GZT,debugO83MFY,debugNVJ3H1,2,42,3308,5,11,33
5,debug9X9GZT,debugO83MFY,debugNVJ3H1,2,43,2951,1,39,36
5,debug9X9GZT,debugO83MFY,debugNVJ3H1,2,44,5450,5,17,10
5,debug9X9GZT,debugO83MFY,debugNVJ3H1,2,45,2827,4,32,24
5,debug9X9GZT,debugO83MFY,debugNVJ3H1,3,46,2689,true,11,11
5,debug9X9GZT,debugO83MFY,debugNVJ3H1,2,47,2945,6,39,33
5,debug9X9GZT,debugO83MFY,debugNVJ3H1,2,48,5852,5,33,38
5,debug9X9GZT,debugO83MFY,debugNVJ3H1,2,49,3630,4,31,25
5,debug9X9GZT,debugO83MFY,debugNVJ3H1,2,50,3381,5,32,24
5,debug9X9GZT,debugO83MFY,debugNVJ3H1,2,51,2569,3,26,17
5,debug9X9GZT,debugO83MFY,debugNVJ3H1,2,52,4201,6,34,37
5,debug9X9GZT,debugO83MFY,debugNVJ3H1,2,53,1904,6,11,33
5,debug9X9GZT,debugO83MFY,debugNVJ3H1,2,54,4973,2,22,11
5,debug9X9GZT,debugO83MFY,debugNVJ3H1,2,55,3084,2,11,38
5,debug9X9GZT,debugO83MFY,debugNVJ3H1,2,56,2950,5,28,37
5,debug9X9GZT,debugO83MFY,debugNVJ3H1,2,57,3875,8,34,28
5,debug9X9GZT,debugO83MFY,debugNVJ3H1,2,58,3023,3,38,22
5,debug9X9GZT,debugO83MFY,debugNVJ3H1,2,59,5019,5,33,28
5,debug9X9GZT,debugO83MFY,debugNVJ3H1,2,60,2870,2,39,36
5,debug9X9GZT,debugO83MFY,debugNVJ3H1,2,61,2181,2,23,17
5,debug9X9GZT,debugO83MFY,debugNVJ3H1,2,62,3709,2,38,32
5,debug9X9GZT,debugO83MFY,debugNVJ3H1,2,63,2822,7,24,20
5,debug9X9GZT,debugO83MFY,debugNVJ3H1,2,64,2493,5,24,39
5,debug9X9GZT,debugO83MFY,debugNVJ3H1,2,65,2247,1,21,17
5,debug9X9GZT,debugO83MFY,debugNVJ3H1,2,66,4306,5,17,10
5,debug9X9GZT,debugO83MFY,debugNVJ3H1,2,67,3133,1,27,10
5,debug9X9GZT,debugO83MFY,debugNVJ3H1,2,68,4386,4,31,29
5,debug9X9GZT,debugO83MFY,debugNVJ3H1,2,69,3000,1,10,11
5,debug9X9GZT,debugO83MFY,debugNVJ3H1,2,70,4068,2,22,28
5,debug9X9GZT,debugO83MFY,debugNVJ3H1,2,71,2287,4,35,14
5,debug9X9GZT,debugO83MFY,debugNVJ3H1,2,72,2848,3,26,31
5,debug9X9GZT,debugO83MFY,debugNVJ3H1,2,73,6130,3,40,24
5,debug9X9GZT,debugO83MFY,debugNVJ3H1,2,74,4792,1,36,20
5,debug9X9GZT,debugO83MFY,debugNVJ3H1,2,75,2056,2,29,30
5,debug9X9GZT,debugO83MFY,debugNVJ3H1,2,76,2920,5,38,25
5,debug9X9GZT,debugO83MFY,debugNVJ3H1,2,77,2564,4,34,35
5,debug9X9GZT,debugO83MFY,debugNVJ3H1,2,78,3771,1,37,17
5,debug9X9GZT,debugO83MFY,debugNVJ3H1,2,79,1715,1,37,10
5,debug9X9GZT,debugO83MFY,debugNVJ3H1,2,81,17300,4,11,33
5,debug9X9GZT,debugO83MFY,debugNVJ3H1,2,82,2996,1,10,11
5,debug9X9GZT,debugO83MFY,debugNVJ3H1,2,83,3194,3,26,31
5,debug9X9GZT,debugO83MFY,debugNVJ3H1,2,84,2841,5,17,10
5,debug9X9GZT,debugO83MFY,debugNVJ3H1,2,85,3726,4,28,37
5,debug9X9GZT,debugO83MFY,debugNVJ3H1,2,86,2111,4,39,33
5,debug9X9GZT,debugO83MFY,debugNVJ3H1,2,87,2494,1,37,17
5,debug9X9GZT,debugO83MFY,debugNVJ3H1,2,88,5594,5,11,38
5,debug9X9GZT,debugO83MFY,debugNVJ3H1,2,89,2282,4,31,29
5,debug9X9GZT,debugO83MFY,debugNVJ3H1,2,90,3486,6,24,20
5,debug9X9GZT,debugO83MFY,debugNVJ3H1,2,91,2668,2,26,17
5,debug9X9GZT,debugO83MFY,debugNVJ3H1,2,92,4437,2,33,38
5,debug9X9GZT,debugO83MFY,debugNVJ3H1,2,93,2145,1,21,17
5,debug9X9GZT,debugO83MFY,debugNVJ3H1,2,94,1572,1,36,20
5,debug9X9GZT,debugO83MFY,debugNVJ3H1,2,95,3312,4,40,24
5,debug9X9GZT,debugO83MFY,debugNVJ3H1,2,96,2830,3,33,28
5,debug9X9GZT,debugO83MFY,debugNVJ3H1,2,97,3012,4,34,35
5,debug9X9GZT,debugO83MFY,debugNVJ3H1,2,98,2990,2,23,17
5,debug9X9GZT,debugO83MFY,debugNVJ3H1,2,99,3285,4,24,39
5,debug9X9GZT,debugO83MFY,debugNVJ3H1,2,100,3473,2,38,22
5,debug9X9GZT,debugO83MFY,debugNVJ3H1,2,101,2553,5,38,25
5,debug9X9GZT,debugO83MFY,debugNVJ3H1,2,102,2534,1,37,10
5,debug9X9GZT,debugO83MFY,debugNVJ3H1,2,103,2223,1,27,10
5,debug9X9GZT,debugO83MFY,debugNVJ3H1,2,104,3346,4,34,28
5,debug9X9GZT,debugO83MFY,debugNVJ3H1,2,105,2522,3,35,14
5,debug9X9GZT,debugO83MFY,debugNVJ3H1,2,106,2575,5,34,37
5,debug9X9GZT,debugO83MFY,debugNVJ3H1,2,107,2706,2,38,32
5,debug9X9GZT,debugO83MFY,debugNVJ3H1,2,108,2642,3,31,25
5,debug9X9GZT,debugO83MFY,debugNVJ3H1,2,109,1954,1,39,36
5,debug9X9GZT,debugO83MFY,debugNVJ3H1,2,110,5207,3,32,24
5,debug9X9GZT,debugO83MFY,debugNVJ3H1,2,111,2401,2,22,11
5,debug9X9GZT,debugO83MFY,debugNVJ3H1,2,112,3746,2,29,30
5,debug9X9GZT,debugO83MFY,debugNVJ3H1,2,113,2098,2,22,28
5,debug9X9GZT,debugO83MFY,debugNVJ3H1,3,114,2527,true,38,38
5,debug9X9GZT,debugO83MFY,debugNVJ3H1,2,115,4515,2,22,28
5,debug9X9GZT,debugO83MFY,debugNVJ3H1,2,116,5458,1,37,10
5,debug9X9GZT,debugO83MFY,debugNVJ3H1,2,117,1741,1,26,17
5,debug9X9GZT,debugO83MFY,debugNVJ3H1,2,118,2559,2,38,32
5,debug9X9GZT,debugO83MFY,debugNVJ3H1,2,119,4474,4,24,39
5,debug9X9GZT,debugO83MFY,debugNVJ3H1,2,120,2251,5,34,37
5,debug9X9GZT,debugO83MFY,debugNVJ3H1,2,121,2196,6,24,20
5,debug9X9GZT,debugO83MFY,debugNVJ3H1,2,122,2250,1,39,36
5,debug9X9GZT,debugO83MFY,debugNVJ3H1,2,123,2339,4,40,24
5,debug9X9GZT,debugO83MFY,debugNVJ3H1,2,124,1996,4,11,33
5,debug9X9GZT,debugO83MFY,debugNVJ3H1,2,125,1927,3,33,38
5,debug9X9GZT,debugO83MFY,debugNVJ3H1,2,126,1909,2,23,17
5,debug9X9GZT,debugO83MFY,debugNVJ3H1,2,127,2543,2,37,17
5,debug9X9GZT,debugO83MFY,debugNVJ3H1,2,128,2696,8,34,28
5,debug9X9GZT,debugO83MFY,debugNVJ3H1,2,129,2932,6,28,37
5,debug9X9GZT,debugO83MFY,debugNVJ3H1,2,130,2690,4,17,10
5,debug9X9GZT,debugO83MFY,debugNVJ3H1,2,131,3147,2,31,29
5,debug9X9GZT,debugO83MFY,debugNVJ3H1,2,132,21526,4,31,25
5,debug9X9GZT,debugO83MFY,debugNVJ3H1,2,133,8201,5,39,33
5,debug9X9GZT,debugO83MFY,debugNVJ3H1,2,134,2626,1,27,10
5,debug9X9GZT,debugO83MFY,debugNVJ3H1,2,135,2189,3,33,28
5,debug9X9GZT,debugO83MFY,debugNVJ3H1,2,136,2215,2,22,11
5,debug9X9GZT,debugO83MFY,debugNVJ3H1,2,137,8998,1,36,20
5,debug9X9GZT,debugO83MFY,debugNVJ3H1,2,138,152596,3,26,31
5,debug9X9GZT,debugO83MFY,debugNVJ3H1,2,139,10907,3,38,22
5,debug9X9GZT,debugO83MFY,debugNVJ3H1,2,140,2667,1,21,17
5,debug9X9GZT,debugO83MFY,debugNVJ3H1,2,141,2537,5,35,14
5,debug9X9GZT,debugO83MFY,debugNVJ3H1,2,142,20523,1,10,11
5,debug9X9GZT,debugO83MFY,debugNVJ3H1,2,143,2478,3,32,24
5,debug9X9GZT,debugO83MFY,debugNVJ3H1,2,144,2488,5,34,35
5,debug9X9GZT,debugO83MFY,debugNVJ3H1,2,145,3667,5,38,25
5,debug9X9GZT,debugO83MFY,debugNVJ3H1,2,146,5305,4,11,38
5,debug9X9GZT,debugO83MFY,debugNVJ3H1,2,147,2194,2,29,30
6,debugUC3EDL,debugHA1CLA,debugFJMYG8,0,5,8632,7,24,35
6,debugUC3EDL,debugHA1CLA,debugFJMYG8,1,7,3560,5,35,38
6,debugUC3EDL,debugHA1CLA,debugFJMYG8,1,8,3936,4,26,32
6,debugUC3EDL,debugHA1CLA,debugFJMYG8,1,9,4896,7,14,28
6,debugUC3EDL,debugHA1CLA,debugFJMYG8,1,10,4218,2,29,17
6,debugUC3EDL,debugHA1CLA,debugFJMYG8,1,11,2835,1,40,36
6,debugUC3EDL,debugHA1CLA,debugFJMYG8,2,13,4327,1,23,17
6,debugUC3EDL,debugHA1CLA,debugFJMYG8,2,14,3332,3,33,28
6,debugUC3EDL,debugHA1CLA,debugFJMYG8,2,15,3772,3,33,38
6,debugUC3EDL,debugHA1CLA,debugFJMYG8,2,16,7598,3,36,20
6,debugUC3EDL,debugHA1CLA,debugFJMYG8,2,17,3323,6,34,35
6,debugUC3EDL,debugHA1CLA,debugFJMYG8,2,18,2871,5,32,24
6,debugUC3EDL,debugHA1CLA,debugFJMYG8,2,19,4262,6,39,33
6,debugUC3EDL,debugHA1CLA,debugFJMYG8,2,20,3795,7,11,38
6,debugUC3EDL,debugHA1CLA,debugFJMYG8,2,21,2627,1,37,10
6,debugUC3EDL,debugHA1CLA,debugFJMYG8,2,22,3156,2,39,36
6,debugUC3EDL,debugHA1CLA,debugFJMYG8,2,23,3475,6,11,33
6,debugUC3EDL,debugHA1CLA,debugFJMYG8,2,24,6210,5,40,24
6,debugUC3EDL,debugHA1CLA,debugFJMYG8,2,25,2462,1,27,10
6,debugUC3EDL,debugHA1CLA,debugFJMYG8,2,26,3863,8,34,28
6,debugUC3EDL,debugHA1CLA,debugFJMYG8,2,27,5486,8,17,10
6,debugUC3EDL,debugHA1CLA,debugFJMYG8,2,28,2361,1,21,17
6,debugUC3EDL,debugHA1CLA,debugFJMYG8,2,29,7069,8,31,25
6,debugUC3EDL,debugHA1CLA,debugFJMYG8,2,30,4900,7,26,31
6,debugUC3EDL,debugHA1CLA,debugFJMYG8,2,31,7606,6,38,22
6,debugUC3EDL,debugHA1CLA,debugFJMYG8,2,32,4431,7,24,20
6,debugUC3EDL,debugHA1CLA,debugFJMYG8,2,33,3901,6,22,28
6,debugUC3EDL,debugHA1CLA,debugFJMYG8,2,34,3742,5,35,14
6,debugUC3EDL,debugHA1CLA,debugFJMYG8,2,35,9292,7,34,37
6,debugUC3EDL,debugHA1CLA,debugFJMYG8,2,36,4273,6,28,37
6,debugUC3EDL,debugHA1CLA,debugFJMYG8,2,37,7122,6,38,32
6,debugUC3EDL,debugHA1CLA,debugFJMYG8,2,38,6848,6,29,30
6,debugUC3EDL,debugHA1CLA,debugFJMYG8,2,39,5002,5,22,11
6,debugUC3EDL,debugHA1CLA,debugFJMYG8,2,40,3846,6,31,29
6,debugUC3EDL,debugHA1CLA,debugFJMYG8,2,41,2582,2,10,11
6,debugUC3EDL,debugHA1CLA,debugFJMYG8,2,42,3567,6,38,25
6,debugUC3EDL,debugHA1CLA,debugFJMYG8,2,43,2319,1,26,17
6,debugUC3EDL,debugHA1CLA,debugFJMYG8,2,44,3441,7,24,39
6,debugUC3EDL,debugHA1CLA,debugFJMYG8,2,45,2623,1,37,17
6,debugUC3EDL,debugHA1CLA,debugFJMYG8,3,46,2201,true,14,14
6,debugUC3EDL,debugHA1CLA,debugFJMYG8,2,47,5593,6,24,39
6,debugUC3EDL,debugHA1CLA,debugFJMYG8,2,48,3833,1,27,10
6,debugUC3EDL,debugHA1CLA,debugFJMYG8,2,49,3076,8,28,37
6,debugUC3EDL,debugHA1CLA,debugFJMYG8,2,50,3680,2,39,36
6,debugUC3EDL,debugHA1CLA,debugFJMYG8,2,51,2246,1,37,17
6,debugUC3EDL,debugHA1CLA,debugFJMYG8,2,52,3571,7,33,28
6,debugUC3EDL,debugHA1CLA,debugFJMYG8,2,53,2845,7,17,10
6,debugUC3EDL,debugHA1CLA,debugFJMYG8,2,54,7423,5,38,32
6,debugUC3EDL,debugHA1CLA,debugFJMYG8,2,55,4512,6,34,37
6,debugUC3EDL,debugHA1CLA,debugFJMYG8,2,56,4651,1,37,10
6,debugUC3EDL,debugHA1CLA,debugFJMYG8,2,57,4379,1,23,17
6,debugUC3EDL,debugHA1CLA,debugFJMYG8,2,58,5503,7,11,33
6,debugUC3EDL,debugHA1CLA,debugFJMYG8,2,59,2647,5,29,30
6,debugUC3EDL,debugHA1CLA,debugFJMYG8,2,60,2440,1,26,17
6,debugUC3EDL,debugHA1CLA,debugFJMYG8,2,61,2574,7,11,38
6,debugUC3EDL,debugHA1CLA,debugFJMYG8,2,62,3084,6,38,25
6,debugUC3EDL,debugHA1CLA,debugFJMYG8,2,63,2885,8,24,20
6,debugUC3EDL,debugHA1CLA,debugFJMYG8,2,64,2597,4,22,28
6,debugUC3EDL,debugHA1CLA,debugFJMYG8,2,65,3812,4,26,31
6,debugUC3EDL,debugHA1CLA,debugFJMYG8,2,66,3199,6,39,33
6,debugUC3EDL,debugHA1CLA,debugFJMYG8,2,67,3676,1,36,20
6,debugUC3EDL,debugHA1CLA,debugFJMYG8,2,68,2859,1,10,11
6,debugUC3EDL,debugHA1CLA,debugFJMYG8,2,69,2672,8,31,25
6,debugUC3EDL,debugHA1CLA,debugFJMYG8,2,70,2904,9,34,28
6,debugUC3EDL,debugHA1CLA,debugFJMYG8,2,71,3329,5,22,11
6,debugUC3EDL,debugHA1CLA,debugFJMYG8,2,72,6050,6,31,29
6,debugUC3EDL,debugHA1CLA,debugFJMYG8,2,73,3108,1,21,17
6,debugUC3EDL,debugHA1CLA,debugFJMYG8,2,74,6423,5,40,24
6,debugUC3EDL,debugHA1CLA,debugFJMYG8,2,75,3066,6,38,22
6,debugUC3EDL,debugHA1CLA,debugFJMYG8,2,76,4612,4,33,38
6,debugUC3EDL,debugHA1CLA,debugFJMYG8,2,77,3544,6,34,35
6,debugUC3EDL,debugHA1CLA,debugFJMYG8,2,78,2949,6,32,24
6,debugUC3EDL,debugHA1CLA,debugFJMYG8,2,79,2969,7,35,14
6,debugUC3EDL,debugHA1CLA,debugFJMYG8,2,81,2881,1,39,36
6,debugUC3EDL,debugHA1CLA,debugFJMYG8,2,82,3497,4,22,11
6,debugUC3EDL,debugHA1CLA,debugFJMYG8,2,83,3135,4,38,22
6,debugUC3EDL,debugHA1CLA,debugFJMYG8,2,84,3124,6,33,28
6,debugUC3EDL,debugHA1CLA,debugFJMYG8,2,85,6100,6,31,29
6,debugUC3EDL,debugHA1CLA,debugFJMYG8,2,86,1855,1,10,11
6,debugUC3EDL,debugHA1CLA,debugFJMYG8,2,87,2861,5,26,31
6,debugUC3EDL,debugHA1CLA,debugFJMYG8,2,88,3704,6,34,35
6,debugUC3EDL,debugHA1CLA,debugFJMYG8,2,89,2485,8,11,38
6,debugUC3EDL,debugHA1CLA,debugFJMYG8,2,90,2029,1,21,17
6,debugUC3EDL,debugHA1CLA,debugFJMYG8,2,91,2066,1,37,17
6,debugUC3EDL,debugHA1CLA,debugFJMYG8,2,92,2668,6,39,33
6,debugUC3EDL,debugHA1CLA,debugFJMYG8,2,93,4720,6,40,24
6,debugUC3EDL,debugHA1CLA,debugFJMYG8,2,94,2984,7,32,24
6,debugUC3EDL,debugHA1CLA,debugFJMYG8,2,95,5143,5,34,37
6,debugUC3EDL,debugHA1CLA,debugFJMYG8,2,96,2542,8,24,20
6,debugUC3EDL,debugHA1CLA,debugFJMYG8,2,97,2945,7,28,37
6,debugUC3EDL,debugHA1CLA,debugFJMYG8,2,98,3655,6,38,32
6,debugUC3EDL,debugHA1CLA,debugFJMYG8,2,99,1932,1,26,17
6,debugUC3EDL,debugHA1CLA,debugFJMYG8,2,100,2383,7,29,30
6,debugUC3EDL,debugHA1CLA,debugFJMYG8,2,101,4603,7,38,25
6,debugUC3EDL,debugHA1CLA,debugFJMYG8,2,102,4238,8,17,10
6,debugUC3EDL,debugHA1CLA,debugFJMYG8,2,103,2629,9,34,28
6,debugUC3EDL,debugHA1CLA,debugFJMYG8,2,104,4395,1,27,10
6,debugUC3EDL,debugHA1CLA,debugFJMYG8,2,105,2960,8,11,33
6,debugUC3EDL,debugHA1CLA,debugFJMYG8,2,106,3202,2,36,20
6,debugUC3EDL,debugHA1CLA,debugFJMYG8,2,107,2106,1,23,17
6,debugUC3EDL,debugHA1CLA,debugFJMYG8,2,108,5114,8,31,25
6,debugUC3EDL,debugHA1CLA,debugFJMYG8,2,109,5195,5,22,28
6,debugUC3EDL,debugHA1CLA,debugFJMYG8,2,110,2044,1,37,10
6,debugUC3EDL,debugHA1CLA,debugFJMYG8,2,111,3298,6,35,14
6,debugUC3EDL,debugHA1CLA,debugFJMYG8,2,112,2970,4,33,38
6,debugUC3EDL,debugHA1CLA,debugFJMYG8,2,113,2131,7,24,39
6,debugUC3EDL,debugHA1CLA,debugFJMYG8,3,114,2841,true,39,39
6,debugUC3EDL,debugHA1CLA,debugFJMYG8,2,115,2513,7,38,32
6,debugUC3EDL,debugHA1CLA,debugFJMYG8,2,116,3316,1,23,17
6,debugUC3EDL,debugHA1CLA,debugFJMYG8,2,117,2574,1,36,20
6,debugUC3EDL,debugHA1CLA,debugFJMYG8,2,118,3583,6,33,38
6,debugUC3EDL,debugHA1CLA,debugFJMYG8,2,119,6216,7,29,30
6,debugUC3EDL,debugHA1CLA,debugFJMYG8,2,120,3595,8,31,29
6,debugUC3EDL,debugHA1CLA,debugFJMYG8,2,121,3350,7,35,14
6,debugUC3EDL,debugHA1CLA,debugFJMYG8,2,122,2344,8,17,10
6,debugUC3EDL,debugHA1CLA,debugFJMYG8,2,123,2658,7,32,24
6,debugUC3EDL,debugHA1CLA,debugFJMYG8,2,124,2831,8,24,20
6,debugUC3EDL,debugHA1CLA,debugFJMYG8,2,125,3579,8,39,33
6,debugUC3EDL,debugHA1CLA,debugFJMYG8,2,126,2171,1,26,17
6,debugUC3EDL,debugHA1CLA,debugFJMYG8,2,127,4983,1,39,36
6,debugUC3EDL,debugHA1CLA,debugFJMYG8,2,128,3937,1,27,10
6,debugUC3EDL,debugHA1CLA,debugFJMYG8,2,129,3540,8,34,35
6,debugUC3EDL,debugHA1CLA,debugFJMYG8,2,130,2126,1,37,17
6,debugUC3EDL,debugHA1CLA,debugFJMYG8,2,131,3026,4,38,25
6,debugUC3EDL,debugHA1CLA,debugFJMYG8,2,132,3077,6,24,39
6,debugUC3EDL,debugHA1CLA,debugFJMYG8,2,133,4261,5,22,28
6,debugUC3EDL,debugHA1CLA,debugFJMYG8,2,134,6567,4,11,33
6,debugUC3EDL,debugHA1CLA,debugFJMYG8,2,135,2028,1,21,17
6,debugUC3EDL,debugHA1CLA,debugFJMYG8,2,136,2409,1,10,11
6,debugUC3EDL,debugHA1CLA,debugFJMYG8,2,137,2724,8,31,25
6,debugUC3EDL,debugHA1CLA,debugFJMYG8,2,138,3845,5,22,11
6,debugUC3EDL,debugHA1CLA,debugFJMYG8,2,139,3412,4,28,37
6,debugUC3EDL,debugHA1CLA,debugFJMYG8,2,140,3451,5,38,22
6,debugUC3EDL,debugHA1CLA,debugFJMYG8,2,141,5400,7,33,28
6,debugUC3EDL,debugHA1CLA,debugFJMYG8,2,142,3282,6,40,24
6,debugUC3EDL,debugHA1CLA,debugFJMYG8,2,143,2572,8,11,38
6,debugUC3EDL,debugHA1CLA,debugFJMYG8,2,144,2507,9,34,28
6,debugUC3EDL,debugHA1CLA,debugFJMYG8,2,145,3046,1,37,10
6,debugUC3EDL,debugHA1CLA,debugFJMYG8,2,146,2989,4,34,37
6,debugUC3EDL,debugHA1CLA,debugFJMYG8,2,147,3182,5,26,31
7,debug1JZN7N,debugHB8JA2,debug1FRNFH,0,5,5894,4,27,40
7,debug1JZN7N,debugHB8JA2,debug1FRNFH,0,7,14874,4,27,40
7,debug1JZN7N,debugHB8JA2,debug1FRNFH,1,9,4161,6,31,25
7,debug1JZN7N,debugHB8JA2,debug1FRNFH,1,10,4135,5,23,20
7,debug1JZN7N,debugHB8JA2,debug1FRNFH,1,11,3813,3,22,11
7,debug1JZN7N,debugHB8JA2,debug1FRNFH,1,12,5915,3,28,27
7,debug1JZN7N,debugHB8JA2,debug1FRNFH,1,13,4400,4,31,21
7,debug1JZN7N,debugHB8JA2,debug1FRNFH,2,15,3208,3,38,32
7,debug1JZN7N,debugHB8JA2,debug1FRNFH,2,16,2247,4,28,37
7,debug1JZN7N,debugHB8JA2,debug1FRNFH,2,17,2440,2,10,11
7,debug1JZN7N,debugHB8JA2,debug1FRNFH,2,18,3598,4,38,25
7,debug1JZN7N,debugHB8JA2,debug1FRNFH,2,19,4645,5,36,20
7,debug1JZN7N,debugHB8JA2,debug1FRNFH,2,20,2872,3,24,39
7,debug1JZN7N,debugHB8JA2,debug1FRNFH,2,21,4026,4,24,20
7,debug1JZN7N,debugHB8JA2,debug1FRNFH,2,22,2849,3,22,11
7,debug1JZN7N,debugHB8JA2,debug1FRNFH,2,23,4226,4,33,38
7,debug1JZN7N,debugHB8JA2,debug1FRNFH,2,24,4221,3,37,10
7,debug1JZN7N,debugHB8JA2,debug1FRNFH,2,25,5182,3,31,29
7,debug1JZN7N,debugHB8JA2,debug1FRNFH,2,26,4955,6,39,33
7,debug1JZN7N,debugHB8JA2,debug1FRNFH,2,27,3400,1,21,17
7,debug1JZN7N,debugHB8JA2,debug1FRNFH,2,28,3054,2,23,17
7,debug1JZN7N,debugHB8JA2,debug1FRNFH,2,29,2392,2,40,24
7,debug1JZN7N,debugHB8JA2,debug1FRNFH,2,30,2815,7,35,14
7,debug1JZN7N,debugHB8JA2,debug1FRNFH,2,31,2368,4,11,33
7,debug1JZN7N,debugHB8JA2,debug1FRNFH,2,32,14324,3,33,28
7,debug1JZN7N,debugHB8JA2,debug1FRNFH,2,33,2163,2,26,17
7,debug1JZN7N,debugHB8JA2,debug1FRNFH,2,34,5460,6,17,10
7,debug1JZN7N,debugHB8JA2,debug1FRNFH,2,35,2549,3,31,25
7,debug1JZN7N,debugHB8JA2,debug1FRNFH,2,36,3588,4,38,22
7,debug1JZN7N,debugHB8JA2,debug1FRNFH,2,37,3444,3,29,30
7,debug1JZN7N,debugHB8JA2,debug1FRNFH,2,38,4417,4,39,36
7,debug1JZN7N,debugHB8JA2,debug1FRNFH,2,39,3322,5,34,28
7,debug1JZN7N,debugHB8JA2,debug1FRNFH,2,40,2579,5,34,35
7,debug1JZN7N,debugHB8JA2,debug1FRNFH,2,41,4171,3,37,17
7,debug1JZN7N,debugHB8JA2,debug1FRNFH,2,42,5366,4,11,38
7,debug1JZN7N,debugHB8JA2,debug1FRNFH,2,43,3839,2,27,10
7,debug1JZN7N,debugHB8JA2,debug1FRNFH,2,44,2977,4,22,28
7,debug1JZN7N,debugHB8JA2,debug1FRNFH,2,45,5173,3,26,31
7,debug1JZN7N,debugHB8JA2,debug1FRNFH,2,46,1818,3,34,37
7,debug1JZN7N,debugHB8JA2,debug1FRNFH,2,47,5065,5,32,24
7,debug1JZN7N,debugHB8JA2,debug1FRNFH,3,48,3413,true,11,11
7,debug1JZN7N,debugHB8JA2,debug1FRNFH,2,49,2209,3,28,37
7,debug1JZN7N,debugHB8JA2,debug1FRNFH,2,50,2439,3,38,25
7,debug1JZN7N,debugHB8JA2,debug1FRNFH,2,51,2774,2,40,24
7,debug1JZN7N,debugHB8JA2,debug1FRNFH,2,52,3629,6,24,20
7,debug1JZN7N,debugHB8JA2,debug1FRNFH,2,53,3682,5,31,29
7,debug1JZN7N,debugHB8JA2,debug1FRNFH,2,54,4770,1,39,36
7,debug1JZN7N,debugHB8JA2,debug1FRNFH,2,55,2383,3,34,28
7,debug1JZN7N,debugHB8JA2,debug1FRNFH,2,56,3145,3,35,14
7,debug1JZN7N,debugHB8JA2,debug1FRNFH,2,57,3129,4,29,30
7,debug1JZN7N,debugHB8JA2,debug1FRNFH,2,58,1960,4,39,33
7,debug1JZN7N,debugHB8JA2,debug1FRNFH,2,59,1868,5,22,11
7,debug1JZN7N,debugHB8JA2,debug1FRNFH,2,60,5513,8,32,24
7,debug1JZN7N,debugHB8JA2,debug1FRNFH,2,61,5051,7,17,10
7,debug1JZN7N,debugHB8JA2,debug1FRNFH,2,62,3962,5,22,28
7,debug1JZN7N,debugHB8JA2,debug1FRNFH,2,63,3251,1,27,10
7,debug1JZN7N,debugHB8JA2,debug1FRNFH,2,64,3599,7,11,33
7,debug1JZN7N,debugHB8JA2,debug1FRNFH,2,65,3420,4,37,17
7,debug1JZN7N,debugHB8JA2,debug1FRNFH,2,66,1543,4,33,38
7,debug1JZN7N,debugHB8JA2,debug1FRNFH,2,67,3193,6,36,20
7,debug1JZN7N,debugHB8JA2,debug1FRNFH,2,68,2793,5,37,10
7,debug1JZN7N,debugHB8JA2,debug1FRNFH,2,69,3966,4,38,32
7,debug1JZN7N,debugHB8JA2,debug1FRNFH,2,70,2363,4,34,35
7,debug1JZN7N,debugHB8JA2,debug1FRNFH,2,71,1443,4,26,31
7,debug1JZN7N,debugHB8JA2,debug1FRNFH,2,72,1928,3,34,37
7,debug1JZN7N,debugHB8JA2,debug1FRNFH,2,73,1536,3,31,25
7,debug1JZN7N,debugHB8JA2,debug1FRNFH,2,74,2590,5,11,38
7,debug1JZN7N,debugHB8JA2,debug1FRNFH,2,75,2184,2,23,17
7,debug1JZN7N,debugHB8JA2,debug1FRNFH,2,76,2794,1,21,17
7,debug1JZN7N,debugHB8JA2,debug1FRNFH,2,77,3613,6,24,39
7,debug1JZN7N,debugHB8JA2,debug1FRNFH,2,78,2848,2,10,11
7,debug1JZN7N,debugHB8JA2,debug1FRNFH,2,79,3410,1,26,17
7,debug1JZN7N,debugHB8JA2,debug1FRNFH,2,80,3456,6,38,22
7,debug1JZN7N,debugHB8JA2,debug1FRNFH,2,81,4490,6,33,28
7,debug1JZN7N,debugHB8JA2,debug1FRNFH,2,83,4636,6,29,30
7,debug1JZN7N,debugHB8JA2,debug1FRNFH,2,84,2225,2,21,17
7,debug1JZN7N,debugHB8JA2,debug1FRNFH,2,85,2969,6,38,32
7,debug1JZN7N,debugHB8JA2,debug1FRNFH,2,86,2372,8,34,28
7,debug1JZN7N,debugHB8JA2,debug1FRNFH,2,87,2017,8,31,29
7,debug1JZN7N,debugHB8JA2,debug1FRNFH,2,88,1335,8,11,33
7,debug1JZN7N,debugHB8JA2,debug1FRNFH,2,89,1727,8,35,14
7,debug1JZN7N,debugHB8JA2,debug1FRNFH,2,90,5351,5,17,10
7,debug1JZN7N,debugHB8JA2,debug1FRNFH,2,91,2691,6,11,38
7,debug1JZN7N,debugHB8JA2,debug1FRNFH,2,92,5607,6,39,36
7,debug1JZN7N,debugHB8JA2,debug1FRNFH,2,93,4444,6,31,25
7,debug1JZN7N,debugHB8JA2,debug1FRNFH,2,94,1457,7,26,31
7,debug1JZN7N,debugHB8JA2,debug1FRNFH,2,95,1591,7,33,38
7,debug1JZN7N,debugHB8JA2,debug1FRNFH,2,96,1339,7,10,11
7,debug1JZN7N,debugHB8JA2,debug1FRNFH,2,97,1196,7,22,11
7,debug1JZN7N,debugHB8JA2,debug1FRNFH,2,98,1828,7,38,22
7,debug1JZN7N,debugHB8JA2,debug1FRNFH,2,99,3039,4,37,17
7,debug1JZN7N,debugHB8JA2,debug1FRNFH,2,100,1847,4,36,20
7,debug1JZN7N,debugHB8JA2,debug1FRNFH,2,101,1851,6,37,10
7,debug1JZN7N,debugHB8JA2,debug1FRNFH,2,102,2545,8,24,39
7,debug1JZN7N,debugHB8JA2,debug1FRNFH,2,103,1800,8,32,24
7,debug1JZN7N,debugHB8JA2,debug1FRNFH,2,104,1264,8,22,28
7,debug1JZN7N,debugHB8JA2,debug1FRNFH,2,105,2468,3,27,10
7,debug1JZN7N,debugHB8JA2,debug1FRNFH,2,106,2616,6,28,37
7,debug1JZN7N,debugHB8JA2,debug1FRNFH,2,107,2583,9,24,20
7,debug1JZN7N,debugHB8JA2,debug1FRNFH,2,108,2664,6,40,24
7,debug1JZN7N,debugHB8JA2,debug1FRNFH,2,109,2482,5,26,17
7,debug1JZN7N,debugHB8JA2,debug1FRNFH,2,110,1378,5,34,37
7,debug1JZN7N,debugHB8JA2,debug1FRNFH,2,111,2279,7,34,35
7,debug1JZN7N,debugHB8JA2,debug1FRNFH,2,112,1353,7,39,33
7,debug1JZN7N,debugHB8JA2,debug1FRNFH,2,113,2480,4,23,17
7,debug1JZN7N,debugHB8JA2,debug1FRNFH,2,114,1888,8,33,28
7,debug1JZN7N,debugHB8JA2,debug1FRNFH,2,115,1425,8,38,25
7,debug1JZN7N,debugHB8JA2,debug1FRNFH,3,116,2577,true,31,31
7,debug1JZN7N,debugHB8JA2,debug1FRNFH,2,117,2129,9,33,28
7,debug1JZN7N,debugHB8JA2,debug1FRNFH,2,118,3313,6,29,30
7,debug1JZN7N,debugHB8JA2,debug1FRNFH,2,119,2419,3,31,29
7,debug1JZN7N,debugHB8JA2,debug1FRNFH,2,120,3214,8,32,24
7,debug1JZN7N,debugHB8JA2,debug1FRNFH,2,121,1824,8,34,37
7,debug1JZN7N,debugHB8JA2,debug1FRNFH,2,122,2130,8,24,39
7,debug1JZN7N,debugHB8JA2,debug1FRNFH,2,123,1790,8,28,37
7,debug1JZN7N,debugHB8JA2,debug1FRNFH,2,124,2091,4,37,17
7,debug1JZN7N,debugHB8JA2,debug1FRNFH,2,125,2190,9,34,35
7,debug1JZN7N,debugHB8JA2,debug1FRNFH,2,126,1929,8,36,20
7,debug1JZN7N,debugHB8JA2,debug1FRNFH,2,127,1729,8,40,24
7,debug1JZN7N,debugHB8JA2,debug1FRNFH,2,128,1373,6,11,38
7,debug1JZN7N,debugHB8JA2,debug1FRNFH,2,129,2667,5,26,31
7,debug1JZN7N,debugHB8JA2,debug1FRNFH,2,130,3013,9,11,33
7,debug1JZN7N,debugHB8JA2,debug1FRNFH,2,131,1051,9,27,10
7,debug1JZN7N,debugHB8JA2,debug1FRNFH,2,132,7538,7,38,22
7,debug1JZN7N,debugHB8JA2,debug1FRNFH,2,133,2213,8,22,11
7,debug1JZN7N,debugHB8JA2,debug1FRNFH,2,134,4682,3,10,11
7,debug1JZN7N,debugHB8JA2,debug1FRNFH,2,135,2569,6,38,25
7,debug1JZN7N,debugHB8JA2,debug1FRNFH,2,136,2649,9,24,20
7,debug1JZN7N,debugHB8JA2,debug1FRNFH,2,137,3831,3,23,17
7,debug1JZN7N,debugHB8JA2,debug1FRNFH,2,138,2733,7,33,38
7,debug1JZN7N,debugHB8JA2,debug1FRNFH,2,139,5950,7,37,10
7,debug1JZN7N,debugHB8JA2,debug1FRNFH,2,140,2512,9,34,28
7,debug1JZN7N,debugHB8JA2,debug1FRNFH,2,141,1101,9,31,25
7,debug1JZN7N,debugHB8JA2,debug1FRNFH,2,142,3190,7,22,28
7,debug1JZN7N,debugHB8JA2,debug1FRNFH,2,143,3146,2,39,36
7,debug1JZN7N,debugHB8JA2,debug1FRNFH,2,144,2676,6,39,33
7,debug1JZN7N,debugHB8JA2,debug1FRNFH,2,145,2345,8,38,32
7,debug1JZN7N,debugHB8JA2,debug1FRNFH,2,146,2717,3,26,17
7,debug1JZN7N,debugHB8JA2,debug1FRNFH,2,147,4809,8,35,14
7,debug1JZN7N,debugHB8JA2,debug1FRNFH,2,148,5241,4,21,17
7,debug1JZN7N,debugHB8JA2,debug1FRNFH,2,149,2795,6,17,10
8,debugP2NS8V,debugAFSLN9,debugV11OE5,0,5,7131,1,1,7
8,debugP2NS8V,debugAFSLN9,debugV11OE5,1,7,6754,4,5,20
8,debugP2NS8V,debugAFSLN9,debugV11OE5,1,8,9133,2,1,24
8,debugP2NS8V,debugAFSLN9,debugV11OE5,1,9,7059,4,23,11
8,debugP2NS8V,debugAFSLN9,debugV11OE5,1,10,9029,3,12,5
8,debugP2NS8V,debugAFSLN9,debugV11OE5,1,11,9835,1,13,3
8,debugP2NS8V,debugAFSLN9,debugV11OE5,2,13,3936,1,17,16
8,debugP2NS8V,debugAFSLN9,debugV11OE5,2,14,6605,1,2,11
8,debugP2NS8V,debugAFSLN9,debugV11OE5,2,15,2665,1,10,25
8,debugP2NS8V,debugAFSLN9,debugV11OE5,2,16,2084,1,17,22
8,debugP2NS8V,debugAFSLN9,debugV11OE5,2,17,3705,2,15,6
8,debugP2NS8V,debugAFSLN9,debugV11OE5,2,18,2348,1,11,21
8,debugP2NS8V,debugAFSLN9,debugV11OE5,2,19,3338,2,20,2
8,debugP2NS8V,debugAFSLN9,debugV11OE5,2,20,2078,1,7,9
8,debugP2NS8V,debugAFSLN9,debugV11OE5,2,21,2556,1,17,5
8,debugP2NS8V,debugAFSLN9,debugV11OE5,2,22,4500,2,7,20
8,debugP2NS8V,debugAFSLN9,debugV11OE5,2,23,2809,1,13,17
8,debugP2NS8V,debugAFSLN9,debugV11OE5,2,24,6533,3,13,20
8,debugP2NS8V,debugAFSLN9,debugV11OE5,2,25,6329,2,3,15
8,debugP2NS8V,debugAFSLN9,debugV11OE5,2,26,4435,1,22,11
8,debugP2NS8V,debugAFSLN9,debugV11OE5,2,27,2853,1,15,24
8,debugP2NS8V,debugAFSLN9,debugV11OE5,2,28,4757,3,25,18
8,debugP2NS8V,debugAFSLN9,debugV11OE5,2,29,7357,1,15,11
8,debugP2NS8V,debugAFSLN9,debugV11OE5,2,30,2500,1,23,12
8,debugP2NS8V,debugAFSLN9,debugV11OE5,2,31,3767,2,5,1
8,debugP2NS8V,debugAFSLN9,debugV11OE5,2,32,19412,2,11,5
8,debugP2NS8V,debugAFSLN9,debugV11OE5,2,33,3866,1,19,17
8,debugP2NS8V,debugAFSLN9,debugV11OE5,2,34,3462,2,15,12
8,debugP2NS8V,debugAFSLN9,debugV11OE5,2,35,3678,2,20,24
8,debugP2NS8V,debugAFSLN9,debugV11OE5,2,36,6859,3,9,20
8,debugP2NS8V,debugAFSLN9,debugV11OE5,2,37,2601,1,17,1
8,debugP2NS8V,debugAFSLN9,debugV11OE5,2,38,3243,1,3,17
8,debugP2NS8V,debugAFSLN9,debugV11OE5,2,39,1829,1,3,9
8,debugP2NS8V,debugAFSLN9,debugV11OE5,2,40,3208,2,13,3
8,debugP2NS8V,debugAFSLN9,debugV11OE5,2,41,7936,2,6,7
8,debugP2NS8V,debugAFSLN9,debugV11OE5,2,42,8415,2,7,16
8,debugP2NS8V,debugAFSLN9,debugV11OE5,2,43,15867,2,8,18
8,debugP2NS8V,debugAFSLN9,debugV11OE5,2,44,9735,2,4,18
8,debugP2NS8V,debugAFSLN9,debugV11OE5,2,45,6571,3,2,19
8,debugP2NS8V,debugAFSLN9,debugV11OE5,3,46,3328,true,2,2
8,debugP2NS8V,debugAFSLN9,debugV11OE5,2,47,3726,3,9,20
8,debugP2NS8V,debugAFSLN9,debugV11OE5,2,48,2448,1,19,17
8,debugP2NS8V,debugAFSLN9,debugV11OE5,2,49,5134,1,17,1
8,debugP2NS8V,debugAFSLN9,debugV11OE5,2,50,3966,2,20,24
8,debugP2NS8V,debugAFSLN9,debugV11OE5,2,51,3366,3,25,18
8,debugP2NS8V,debugAFSLN9,debugV11OE5,2,52,5724,2,13,3
8,debugP2NS8V,debugAFSLN9,debugV11OE5,2,53,2220,1,11,21
8,debugP2NS8V,debugAFSLN9,debugV11OE5,2,54,2047,1,17,22
8,debugP2NS8V,debugAFSLN9,debugV11OE5,2,55,2779,2,7,20
8,debugP2NS8V,debugAFSLN9,debugV11OE5,2,56,7511,1,10,25
8,debugP2NS8V,debugAFSLN9,debugV11OE5,2,57,4414,3,13,20
8,debugP2NS8V,debugAFSLN9,debugV11OE5,2,58,2733,2,15,6
8,debugP2NS8V,debugAFSLN9,debugV11OE5,2,59,2323,2,23,12
8,debugP2NS8V,debugAFSLN9,debugV11OE5,2,60,3191,1,17,16
8,debugP2NS8V,debugAFSLN9,debugV11OE5,2,61,3553,2,15,12
8,debugP2NS8V,debugAFSLN9,debugV11OE5,2,62,1970,2,6,7
8,debugP2NS8V,debugAFSLN9,debugV11OE5,2,63,7842,1,17,5
8,debugP2NS8V,debugAFSLN9,debugV11OE5,2,64,3023,1,22,11
8,debugP2NS8V,debugAFSLN9,debugV11OE5,2,65,2405,2,7,9
8,debugP2NS8V,debugAFSLN9,debugV11OE5,2,66,5998,2,15,11
8,debugP2NS8V,debugAFSLN9,debugV11OE5,2,67,3038,2,3,15
8,debugP2NS8V,debugAFSLN9,debugV11OE5,2,68,3367,3,5,1
8,debugP2NS8V,debugAFSLN9,debugV11OE5,2,69,2695,3,11,5
8,debugP2NS8V,debugAFSLN9,debugV11OE5,2,70,4927,2,20,2
8,debugP2NS8V,debugAFSLN9,debugV11OE5,2,71,4503,2,2,11
8,debugP2NS8V,debugAFSLN9,debugV11OE5,2,72,3879,3,4,18
8,debugP2NS8V,debugAFSLN9,debugV11OE5,2,73,2459,1,3,17
8,debugP2NS8V,debugAFSLN9,debugV11OE5,2,74,3271,2,7,16
8,debugP2NS8V,debugAFSLN9,debugV11OE5,2,75,2169,1,13,17
8,debugP2NS8V,debugAFSLN9,debugV11OE5,2,76,9187,1,8,18
8,debugP2NS8V,debugAFSLN9,debugV11OE5,2,77,7019,2,2,19
8,debugP2NS8V,debugAFSLN9,debugV11OE5,2,78,2812,2,3,9
8,debugP2NS8V,debugAFSLN9,debugV11OE5,2,79,3389,2,15,24
8,debugP2NS8V,debugAFSLN9,debugV11OE5,2,81,3384,2,2,11
8,debugP2NS8V,debugAFSLN9,debugV11OE5,2,82,3190,2,7,20
8,debugP2NS8V,debugAFSLN9,debugV11OE5,2,83,4688,1,17,1
8,debugP2NS8V,debugAFSLN9,debugV11OE5,2,84,3124,1,17,16
8,debugP2NS8V,debugAFSLN9,debugV11OE5,2,85,6374,1,17,22
8,debugP2NS8V,debugAFSLN9,debugV11OE5,2,86,3571,1,11,21
8,debugP2NS8V,debugAFSLN9,debugV11OE5,2,87,2729,2,7,9
8,debugP2NS8V,debugAFSLN9,debugV11OE5,2,88,2313,2,8,18
8,debugP2NS8V,debugAFSLN9,debugV11OE5,2,89,3297,3,9,20
8,debugP2NS8V,debugAFSLN9,debugV11OE5,2,90,2229,2,3,15
8,debugP2NS8V,debugAFSLN9,debugV11OE5,2,91,3544,1,19,17
8,debugP2NS8V,debugAFSLN9,debugV11OE5,2,92,3661,2,15,24
8,debugP2NS8V,debugAFSLN9,debugV11OE5,2,93,6406,2,15,11
8,debugP2NS8V,debugAFSLN9,debugV11OE5,2,94,3307,3,13,20
8,debugP2NS8V,debugAFSLN9,debugV11OE5,2,95,2689,1,17,5
8,debugP2NS8V,debugAFSLN9,debugV11OE5,2,96,3949,2,4,18
8,debugP2NS8V,debugAFSLN9,debugV11OE5,2,97,11599,2,5,1
8,debugP2NS8V,debugAFSLN9,debugV11OE5,2,98,2223,1,22,11
8,debugP2NS8V,debugAFSLN9,debugV11OE5,2,99,3924,1,13,3
8,debugP2NS8V,debugAFSLN9,debugV11OE5,2,100,3100,2,15,6
8,debugP2NS8V,debugAFSLN9,debugV11OE5,2,101,3877,1,15,12
8,debugP2NS8V,debugAFSLN9,debugV11OE5,2,102,3165,1,10,25
8,debugP2NS8V,debugAFSLN9,debugV11OE5,2,103,2222,1,13,17
8,debugP2NS8V,debugAFSLN9,debugV11OE5,2,104,3526,2,3,9
8,debugP2NS8V,debugAFSLN9,debugV11OE5,2,105,3738,2,2,19
8,debugP2NS8V,debugAFSLN9,debugV11OE5,2,106,2349,1,3,17
8,debugP2NS8V,debugAFSLN9,debugV11OE5,2,107,2308,2,20,2
8,debugP2NS8V,debugAFSLN9,debugV11OE5,2,108,5279,2,20,24
8,debugP2NS8V,debugAFSLN9,debugV11OE5,2,109,2475,2,6,7
8,debugP2NS8V,debugAFSLN9,debugV11OE5,2,110,1785,2,11,5
8,debugP2NS8V,debugAFSLN9,debugV11OE5,2,111,4264,2,23,12
8,debugP2NS8V,debugAFSLN9,debugV11OE5,2,112,7613,3,7,16
8,debugP2NS8V,debugAFSLN9,debugV11OE5,2,113,2713,3,25,18
8,debugP2NS8V,debugAFSLN9,debugV11OE5,3,114,4326,true,8,8
8,debugP2NS8V,debugAFSLN9,debugV11OE5,2,115,2582,1,11,21
8,debugP2NS8V,debugAFSLN9,debugV11OE5,2,116,2644,2,15,24
8,debugP2NS8V,debugAFSLN9,debugV11OE5,2,117,21703,2,3,9
8,debugP2NS8V,debugAFSLN9,debugV11OE5,2,118,3673,3,5,1
8,debugP2NS8V,debugAFSLN9,debugV11OE5,2,119,2586,2,20,2
8,debugP2NS8V,debugAFSLN9,debugV11OE5,2,120,2424,2,15,11
8,debugP2NS8V,debugAFSLN9,debugV11OE5,2,121,2147,1,13,17
8,debugP2NS8V,debugAFSLN9,debugV11OE5,2,122,4470,2,2,11
8,debugP2NS8V,debugAFSLN9,debugV11OE5,2,123,9566,1,17,22
8,debugP2NS8V,debugAFSLN9,debugV11OE5,2,124,2623,2,7,16
8,debugP2NS8V,debugAFSLN9,debugV11OE5,2,125,2647,3,9,20
8,debugP2NS8V,debugAFSLN9,debugV11OE5,2,126,2155,2,20,24
8,debugP2NS8V,debugAFSLN9,debugV11OE5,2,127,2796,3,11,5
8,debugP2NS8V,debugAFSLN9,debugV11OE5,2,128,4387,1,15,12
8,debugP2NS8V,debugAFSLN9,debugV11OE5,2,129,2273,1,17,5
8,debugP2NS8V,debugAFSLN9,debugV11OE5,2,130,5372,2,13,20
8,debugP2NS8V,debugAFSLN9,debugV11OE5,2,131,44401,3,25,18
8,debugP2NS8V,debugAFSLN9,debugV11OE5,2,132,16276,1,19,17
8,debugP2NS8V,debugAFSLN9,debugV11OE5,2,133,2626,1,22,11
8,debugP2NS8V,debugAFSLN9,debugV11OE5,2,134,2054,1,17,1
8,debugP2NS8V,debugAFSLN9,debugV11OE5,2,135,6007,1,3,17
8,debugP2NS8V,debugAFSLN9,debugV11OE5,2,136,2690,2,4,18
8,debugP2NS8V,debugAFSLN9,debugV11OE5,2,137,7733,2,8,18
8,debugP2NS8V,debugAFSLN9,debugV11OE5,2,138,9149,1,13,3
8,debugP2NS8V,debugAFSLN9,debugV11OE5,2,139,3321,2,3,15
8,debugP2NS8V,debugAFSLN9,debugV11OE5,2,140,2905,2,7,20
8,debugP2NS8V,debugAFSLN9,debugV11OE5,2,141,8403,2,7,9
8,debugP2NS8V,debugAFSLN9,debugV11OE5,2,142,3592,2,23,12
8,debugP2NS8V,debugAFSLN9,debugV11OE5,2,143,4189,2,2,19
8,debugP2NS8V,debugAFSLN9,debugV11OE5,2,144,3854,1,10,25
8,debugP2NS8V,debugAFSLN9,debugV11OE5,2,145,2959,1,15,6
8,debugP2NS8V,debugAFSLN9,debugV11OE5,2,146,2592,1,17,16
8,debugP2NS8V,debugAFSLN9,debugV11OE5,2,147,3423,2,6,7
9,debugTG0AA1,debugMGHMKI,debugAD0CEK,0,5,5771,3,14,17
9,debugTG0AA1,debugMGHMKI,debugAD0CEK,1,7,4286,6,31,25
9,debugTG0AA1,debugMGHMKI,debugAD0CEK,1,8,4131,2,10,38
9,debugTG0AA1,debugMGHMKI,debugAD0CEK,1,9,3126,3,27,25
9,debugTG0AA1,debugMGHMKI,debugAD0CEK,1,10,2903,4,10,32
9,debugTG0AA1,debugMGHMKI,debugAD0CEK,1,11,3575,6,40,14
9,debugTG0AA1,debugMGHMKI,debugAD0CEK,2,13,3343,1,21,17
9,debugTG0AA1,debugMGHMKI,debugAD0CEK,2,14,3799,2,26,31
9,debugTG0AA1,debugMGHMKI,debugAD0CEK,2,15,4120,5,28,37
9,debugTG0AA1,debugMGHMKI,debugAD0CEK,2,16,2746,6,34,37
9,debugTG0AA1,debugMGHMKI,debugAD0CEK,2,17,4210,6,31,29
9,debugTG0AA1,debugMGHMKI,debugAD0CEK,2,18,5536,4,39,36
9,debugTG0AA1,debugMGHMKI,debugAD0CEK,2,19,6522,3,37,10
9,debugTG0AA1,debugMGHMKI,debugAD0CEK,2,20,6345,6,33,28
9,debugTG0AA1,debugMGHMKI,debugAD0CEK,2,21,8633,6,38,22
9,debugTG0AA1,debugMGHMKI,debugAD0CEK,2,22,2478,3,10,11
9,debugTG0AA1,debugMGHMKI,debugAD0CEK,2,23,4208,2,38,32
9,debugTG0AA1,debugMGHMKI,debugAD0CEK,2,24,5555,2,11,38
9,debugTG0AA1,debugMGHMKI,debugAD0CEK,2,25,5836,2,26,17
9,debugTG0AA1,debugMGHMKI,debugAD0CEK,2,26,8808,1,22,28
9,debugTG0AA1,debugMGHMKI,debugAD0CEK,2,27,4206,1,23,17
9,debugTG0AA1,debugMGHMKI,debugAD0CEK,2,28,3335,6,35,14
9,debugTG0AA1,debugMGHMKI,debugAD0CEK,2,29,3272,7,39,33
9,debugTG0AA1,debugMGHMKI,debugAD0CEK,2,30,5463,4,40,24
9,debugTG0AA1,debugMGHMKI,debugAD0CEK,2,31,5151,5,36,20
9,debugTG0AA1,debugMGHMKI,debugAD0CEK,2,32,4869,5,24,39
9,debugTG0AA1,debugMGHMKI,debugAD0CEK,2,33,3912,3,37,17
9,debugTG0AA1,debugMGHMKI,debugAD0CEK,2,34,3601,4,17,10
9,debugTG0AA1,debugMGHMKI,debugAD0CEK,2,35,4750,6,11,33
9,debugTG0AA1,debugMGHMKI,debugAD0CEK,2,36,7439,3,38,25
9,debugTG0AA1,debugMGHMKI,debugAD0CEK,2,37,6510,4,31,25
9,debugTG0AA1,debugMGHMKI,debugAD0CEK,2,38,5334,2,33,38
9,debugTG0AA1,debugMGHMKI,debugAD0CEK,2,39,3914,1,27,10
9,debugTG0AA1,debugMGHMKI,debugAD0CEK,2,40,4870,8,34,28
9,debugTG0AA1,debugMGHMKI,debugAD0CEK,2,41,3631,6,22,11
9,debugTG0AA1,debugMGHMKI,debugAD0CEK,2,42,3951,3,29,30
9,debugTG0AA1,debugMGHMKI,debugAD0CEK,2,43,3099,6,34,35
9,debugTG0AA1,debugMGHMKI,debugAD0CEK,2,44,3567,7,24,20
9,debugTG0AA1,debugMGHMKI,debugAD0CEK,2,45,2946,7,32,24
9,debugTG0AA1,debugMGHMKI,debugAD0CEK,3,46,2538,true,40,40
9,debugTG0AA1,debugMGHMKI,debugAD0CEK,2,47,4912,3,29,30
9,debugTG0AA1,debugMGHMKI,debugAD0CEK,2,48,5977,2,36,20
9,debugTG0AA1,debugMGHMKI,debugAD0CEK,2,49,3286,1,21,17
9,debugTG0AA1,debugMGHMKI,debugAD0CEK,2,50,3520,6,34,35
9,debugTG0AA1,debugMGHMKI,debugAD0CEK,2,51,4592,3,40,24
9,debugTG0AA1,debugMGHMKI,debugAD0CEK,2,52,3602,1,38,32
9,debugTG0AA1,debugMGHMKI,debugAD0CEK,2,53,3704,6,38,22
9,debugTG0AA1,debugMGHMKI,debugAD0CEK,2,54,6276,4,26,17
9,debugTG0AA1,debugMGHMKI,debugAD0CEK,2,55,3500,3,39,36
9,debugTG0AA1,debugMGHMKI,debugAD0CEK,2,56,3628,4,37,10
9,debugTG0AA1,debugMGHMKI,debugAD0CEK,2,57,2566,2,37,17
9,debugTG0AA1,debugMGHMKI,debugAD0CEK,2,58,4621,5,35,14
9,debugTG0AA1,debugMGHMKI,debugAD0CEK,2,59,8017,6,31,29
9,debugTG0AA1,debugMGHMKI,debugAD0CEK,2,60,7965,4,22,28
9,debugTG0AA1,debugMGHMKI,debugAD0CEK,2,61,2680,8,33,28
9,debugTG0AA1,debugMGHMKI,debugAD0CEK,2,62,5586,6,26,31
9,debugTG0AA1,debugMGHMKI,debugAD0CEK,2,63,3337,8,24,20
9,debugTG0AA1,debugMGHMKI,debugAD0CEK,2,64,2922,6,11,38
9,debugTG0AA1,debugMGHMKI,debugAD0CEK,2,65,3890,5,22,11
9,debugTG0AA1,debugMGHMKI,debugAD0CEK,2,66,3200,2,10,11
9,debugTG0AA1,debugMGHMKI,debugAD0CEK,2,67,4794,5,33,38
9,debugTG0AA1,debugMGHMKI,debugAD0CEK,2,68,4315,5,24,39
9,debugTG0AA1,debugMGHMKI,debugAD0CEK,2,69,3571,8,34,28
9,debugTG0AA1,debugMGHMKI,debugAD0CEK,2,70,3608,7,32,24
9,debugTG0AA1,debugMGHMKI,debugAD0CEK,2,71,2909,6,31,25
9,debugTG0AA1,debugMGHMKI,debugAD0CEK,2,72,3413,5,28,37
9,debugTG0AA1,debugMGHMKI,debugAD0CEK,2,73,3369,2,23,17
9,debugTG0AA1,debugMGHMKI,debugAD0CEK,2,74,4030,6,34,37
9,debugTG0AA1,debugMGHMKI,debugAD0CEK,2,75,5003,3,38,25
9,debugTG0AA1,debugMGHMKI,debugAD0CEK,2,76,5319,4,17,10
9,debugTG0AA1,debugMGHMKI,debugAD0CEK,2,77,4913,6,39,33
9,debugTG0AA1,debugMGHMKI,debugAD0CEK,2,78,3186,5,11,33
9,debugTG0AA1,debugMGHMKI,debugAD0CEK,2,79,4289,2,27,10
9,debugTG0AA1,debugMGHMKI,debugAD0CEK,2,81,5341,2,39,33
9,debugTG0AA1,debugMGHMKI,debugAD0CEK,2,82,3732,4,37,10
9,debugTG0AA1,debugMGHMKI,debugAD0CEK,2,83,5056,3,29,30
9,debugTG0AA1,debugMGHMKI,debugAD0CEK,2,84,6957,3,38,32
9,debugTG0AA1,debugMGHMKI,debugAD0CEK,2,85,3895,2,26,31
9,debugTG0AA1,debugMGHMKI,debugAD0CEK,2,86,5218,6,24,20
9,debugTG0AA1,debugMGHMKI,debugAD0CEK,2,87,2901,8,34,28
9,debugTG0AA1,debugMGHMKI,debugAD0CEK,2,88,4490,4,24,39
9,debugTG0AA1,debugMGHMKI,debugAD0CEK,2,89,7360,1,21,17
9,debugTG0AA1,debugMGHMKI,debugAD0CEK,2,90,3842,6,28,37
9,debugTG0AA1,debugMGHMKI,debugAD0CEK,2,91,5213,3,38,25
9,debugTG0AA1,debugMGHMKI,debugAD0CEK,2,92,5766,3,10,11
9,debugTG0AA1,debugMGHMKI,debugAD0CEK,2,93,10571,4,34,37
9,debugTG0AA1,debugMGHMKI,debugAD0CEK,2,94,4677,6,31,25
9,debugTG0AA1,debugMGHMKI,debugAD0CEK,2,95,3180,7,33,28
9,debugTG0AA1,debugMGHMKI,debugAD0CEK,2,96,3280,4,40,24
9,debugTG0AA1,debugMGHMKI,debugAD0CEK,2,97,3994,3,22,11
9,debugTG0AA1,debugMGHMKI,debugAD0CEK,2,98,5803,2,37,17
9,debugTG0AA1,debugMGHMKI,debugAD0CEK,2,99,8203,1,27,10
9,debugTG0AA1,debugMGHMKI,debugAD0CEK,2,100,3213,4,17,10
9,debugTG0AA1,debugMGHMKI,debugAD0CEK,2,101,15264,7,38,22
9,debugTG0AA1,debugMGHMKI,debugAD0CEK,2,102,6183,2,26,17
9,debugTG0AA1,debugMGHMKI,debugAD0CEK,2,103,10980,4,33,38
9,debugTG0AA1,debugMGHMKI,debugAD0CEK,2,104,3365,5,11,38
9,debugTG0AA1,debugMGHMKI,debugAD0CEK,2,105,5905,6,35,14
9,debugTG0AA1,debugMGHMKI,debugAD0CEK,2,106,5602,5,11,33
9,debugTG0AA1,debugMGHMKI,debugAD0CEK,2,107,11562,2,22,28
9,debugTG0AA1,debugMGHMKI,debugAD0CEK,2,108,4574,2,39,36
9,debugTG0AA1,debugMGHMKI,debugAD0CEK,2,109,6035,6,34,35
9,debugTG0AA1,debugMGHMKI,debugAD0CEK,2,110,4640,4,36,20
9,debugTG0AA1,debugMGHMKI,debugAD0CEK,2,111,7369,1,23,17
9,debugTG0AA1,debugMGHMKI,debugAD0CEK,2,112,3133,5,31,29
9,debugTG0AA1,debugMGHMKI,debugAD0CEK,2,113,5056,8,32,24
9,debugTG0AA1,debugMGHMKI,debugAD0CEK,3,114,2782,true,11,11
9,debugTG0AA1,debugMGHMKI,debugAD0CEK,2,115,6303,5,33,38
9,debugTG0AA1,debugMGHMKI,debugAD0CEK,2,116,3890,5,31,29
9,debugTG0AA1,debugMGHMKI,debugAD0CEK,2,117,4294,3,10,11
9,debugTG0AA1,debugMGHMKI,debugAD0CEK,2,118,12524,6,37,10
9,debugTG0AA1,debugMGHMKI,debugAD0CEK,2,119,2686,4,26,31
9,debugTG0AA1,debugMGHMKI,debugAD0CEK,2,120,3877,3,39,36
9,debugTG0AA1,debugMGHMKI,debugAD0CEK,2,121,3120,7,11,33
9,debugTG0AA1,debugMGHMKI,debugAD0CEK,2,122,3871,5,22,11
9,debugTG0AA1,debugMGHMKI,debugAD0CEK,2,123,4124,7,38,22
9,debugTG0AA1,debugMGHMKI,debugAD0CEK,2,124,5535,5,11,38
9,debugTG0AA1,debugMGHMKI,debugAD0CEK,2,125,3087,7,24,20
9,debugTG0AA1,debugMGHMKI,debugAD0CEK,2,126,3339,4,17,10
9,debugTG0AA1,debugMGHMKI,debugAD0CEK,2,127,4716,6,33,28
9,debugTG0AA1,debugMGHMKI,debugAD0CEK,2,128,3357,4,26,17
9,debugTG0AA1,debugMGHMKI,debugAD0CEK,2,129,3345,6,34,37
9,debugTG0AA1,debugMGHMKI,debugAD0CEK,2,130,5140,4,38,25
9,debugTG0AA1,debugMGHMKI,debugAD0CEK,2,131,5549,8,34,28
9,debugTG0AA1,debugMGHMKI,debugAD0CEK,2,132,3874,1,27,10
9,debugTG0AA1,debugMGHMKI,debugAD0CEK,2,133,4855,5,35,14
9,debugTG0AA1,debugMGHMKI,debugAD0CEK,2,134,3478,3,36,20
9,debugTG0AA1,debugMGHMKI,debugAD0CEK,2,135,4218,2,23,17
9,debugTG0AA1,debugMGHMKI,debugAD0CEK,2,136,2887,8,32,24
9,debugTG0AA1,debugMGHMKI,debugAD0CEK,2,137,7302,3,29,30
9,debugTG0AA1,debugMGHMKI,debugAD0CEK,2,138,8162,5,34,35
9,debugTG0AA1,debugMGHMKI,debugAD0CEK,2,139,2587,4,24,39
9,debugTG0AA1,debugMGHMKI,debugAD0CEK,2,140,5196,4,39,33
9,debugTG0AA1,debugMGHMKI,debugAD0CEK,2,141,5362,1,21,17
9,debugTG0AA1,debugMGHMKI,debugAD0CEK,2,142,4185,3,22,28
9,debugTG0AA1,debugMGHMKI,debugAD0CEK,2,143,3147,5,31,25
9,debugTG0AA1,debugMGHMKI,debugAD0CEK,2,144,3140,5,28,37
9,debugTG0AA1,debugMGHMKI,debugAD0CEK,2,145,2893,2,37,17
9,debugTG0AA1,debugMGHMKI,debugAD0CEK,2,146,3224,3,38,32
9,debugTG0AA1,debugMGHMKI,debugAD0CEK,2,147,5168,5,40,24
10,debugWAOD1U,debugZB4WKT,debugAPRC85,0,5,12479,7,34,33
10,debugWAOD1U,debugZB4WKT,debugAPRC85,1,7,2066,1,36,38
10,debugWAOD1U,debugZB4WKT,debugAPRC85,1,8,1983,1,21,10
10,debugWAOD1U,debugZB4WKT,debugAPRC85,1,9,5013,5,20,27
10,debugWAOD1U,debugZB4WKT,debugAPRC85,1,10,2946,4,11,32
10,debugWAOD1U,debugZB4WKT,debugAPRC85,1,11,2288,3,29,11
10,debugWAOD1U,debugZB4WKT,debugAPRC85,2,13,6073,3,26,31
10,debugWAOD1U,debugZB4WKT,debugAPRC85,2,14,2579,1,10,11
10,debugWAOD1U,debugZB4WKT,debugAPRC85,2,15,1803,1,26,17
10,debugWAOD1U,debugZB4WKT,debugAPRC85,2,16,6748,6,35,14
10,debugWAOD1U,debugZB4WKT,debugAPRC85,2,17,6530,8,34,37
10,debugWAOD1U,debugZB4WKT,debugAPRC85,2,18,3654,1,36,20
10,debugWAOD1U,debugZB4WKT,debugAPRC85,2,19,3428,8,31,25
10,debugWAOD1U,debugZB4WKT,debugAPRC85,2,20,3644,6,39,33
10,debugWAOD1U,debugZB4WKT,debugAPRC85,2,21,3488,3,28,37
10,debugWAOD1U,debugZB4WKT,debugAPRC85,2,22,2352,1,38,32
10,debugWAOD1U,debugZB4WKT,debugAPRC85,2,23,2854,4,32,24
10,debugWAOD1U,debugZB4WKT,debugAPRC85,2,24,1858,1,21,17
10,debugWAOD1U,debugZB4WKT,debugAPRC85,2,25,2014,8,34,28
10,debugWAOD1U,debugZB4WKT,debugAPRC85,2,26,2511,2,22,28
10,debugWAOD1U,debugZB4WKT,debugAPRC85,2,27,2354,4,24,39
10,debugWAOD1U,debugZB4WKT,debugAPRC85,2,28,3008,7,11,33
10,debugWAOD1U,debugZB4WKT,debugAPRC85,2,29,2854,3,31,29
10,debugWAOD1U,debugZB4WKT,debugAPRC85,2,30,3547,7,17,10
10,debugWAOD1U,debugZB4WKT,debugAPRC85,2,31,2652,3,23,17
10,debugWAOD1U,debugZB4WKT,debugAPRC85,2,32,5210,2,39,36
10,debugWAOD1U,debugZB4WKT,debugAPRC85,2,33,2455,7,33,28
10,debugWAOD1U,debugZB4WKT,debugAPRC85,2,34,3652,3,40,24
10,debugWAOD1U,debugZB4WKT,debugAPRC85,2,35,3129,5,34,35
10,debugWAOD1U,debugZB4WKT,debugAPRC85,2,36,2005,2,38,22
10,debugWAOD1U,debugZB4WKT,debugAPRC85,2,37,4132,7,24,20
10,debugWAOD1U,debugZB4WKT,debugAPRC85,2,38,3602,3,33,38
10,debugWAOD1U,debugZB4WKT,debugAPRC85,2,39,1797,2,22,11
10,debugWAOD1U,debugZB4WKT,debugAPRC85,2,40,1974,1,27,10
10,debugWAOD1U,debugZB4WKT,debugAPRC85,2,41,1705,1,37,10
10,debugWAOD1U,debugZB4WKT,debugAPRC85,2,42,1964,3,29,30
10,debugWAOD1U,debugZB4WKT,debugAPRC85,2,43,4028,3,38,25
10,debugWAOD1U,debugZB4WKT,debugAPRC85,2,44,2983,1,37,17
10,debugWAOD1U,debugZB4WKT,debugAPRC85,2,45,4973,3,11,38
10,debugWAOD1U,debugZB4WKT,debugAPRC85,3,46,3182,true,28,28
10,debugWAOD1U,debugZB4WKT,debugAPRC85,2,47,6357,6,39,33
10,debugWAOD1U,debugZB4WKT,debugAPRC85,2,48,11003,2,22,28
10,debugWAOD1U,debugZB4WKT,debugAPRC85,2,49,2670,1,37,10
10,debugWAOD1U,debugZB4WKT,debugAPRC85,2,50,4281,4,33,38
10,debugWAOD1U,debugZB4WKT,debugAPRC85,2,51,1828,1,26,17
10,debugWAOD1U,debugZB4WKT,debugAPRC85,2,52,1246,1,24,20
10,debugWAOD1U,debugZB4WKT,debugAPRC85,2,53,5205,6,28,37
10,debugWAOD1U,debugZB4WKT,debugAPRC85,2,54,1795,1,23,17
10,debugWAOD1U,debugZB4WKT,debugAPRC85,2,55,3021,3,29,30
10,debugWAOD1U,debugZB4WKT,debugAPRC85,2,56,1657,1,10,11
10,debugWAOD1U,debugZB4WKT,debugAPRC85,2,57,3866,2,26,31
10,debugWAOD1U,debugZB4WKT,debugAPRC85,2,58,6523,3,11,38
10,debugWAOD1U,debugZB4WKT,debugAPRC85,2,59,4171,6,34,37
10,debugWAOD1U,debugZB4WKT,debugAPRC85,2,60,3886,2,22,11
10,debugWAOD1U,debugZB4WKT,debugAPRC85,2,61,2581,7,24,39
10,debugWAOD1U,debugZB4WKT,debugAPRC85,2,62,3091,6,40,24
10,debugWAOD1U,debugZB4WKT,debugAPRC85,2,63,3448,2,36,20
10,debugWAOD1U,debugZB4WKT,debugAPRC85,2,64,2664,8,17,10
10,debugWAOD1U,debugZB4WKT,debugAPRC85,2,65,3904,4,39,36
10,debugWAOD1U,debugZB4WKT,debugAPRC85,2,66,3989,3,38,32
10,debugWAOD1U,debugZB4WKT,debugAPRC85,2,67,3266,4,31,29
10,debugWAOD1U,debugZB4WKT,debugAPRC85,2,68,2137,3,38,22
10,debugWAOD1U,debugZB4WKT,debugAPRC85,2,69,4160,2,32,24
10,debugWAOD1U,debugZB4WKT,debugAPRC85,2,70,3647,1,27,10
10,debugWAOD1U,debugZB4WKT,debugAPRC85,2,71,4375,3,35,14
10,debugWAOD1U,debugZB4WKT,debugAPRC85,2,72,3043,7,34,28
10,debugWAOD1U,debugZB4WKT,debugAPRC85,2,73,2541,7,11,33
10,debugWAOD1U,debugZB4WKT,debugAPRC85,2,74,4148,4,38,25
10,debugWAOD1U,debugZB4WKT,debugAPRC85,2,75,4005,8,31,25
10,debugWAOD1U,debugZB4WKT,debugAPRC85,2,76,2054,1,21,17
10,debugWAOD1U,debugZB4WKT,debugAPRC85,2,77,2130,6,34,35
10,debugWAOD1U,debugZB4WKT,debugAPRC85,2,78,2540,1,37,17
10,debugWAOD1U,debugZB4WKT,debugAPRC85,2,79,3413,5,33,28
10,debugWAOD1U,debugZB4WKT,debugAPRC85,2,81,3955,6,35,14
10,debugWAOD1U,debugZB4WKT,debugAPRC85,2,82,2756,2,36,20
10,debugWAOD1U,debugZB4WKT,debugAPRC85,2,83,2450,6,34,35
10,debugWAOD1U,debugZB4WKT,debugAPRC85,2,84,3213,7,34,28
10,debugWAOD1U,debugZB4WKT,debugAPRC85,2,85,1942,1,37,17
10,debugWAOD1U,debugZB4WKT,debugAPRC85,2,86,1847,1,21,17
10,debugWAOD1U,debugZB4WKT,debugAPRC85,2,87,3210,8,28,37
10,debugWAOD1U,debugZB4WKT,debugAPRC85,2,88,2434,2,22,11
10,debugWAOD1U,debugZB4WKT,debugAPRC85,2,89,6323,5,33,28
10,debugWAOD1U,debugZB4WKT,debugAPRC85,2,90,2691,3,39,36
10,debugWAOD1U,debugZB4WKT,debugAPRC85,2,91,2020,2,29,30
10,debugWAOD1U,debugZB4WKT,debugAPRC85,2,92,1650,1,23,17
10,debugWAOD1U,debugZB4WKT,debugAPRC85,2,93,3708,5,31,29
10,debugWAOD1U,debugZB4WKT,debugAPRC85,2,94,2414,6,11,33
10,debugWAOD1U,debugZB4WKT,debugAPRC85,2,95,2985,4,33,38
10,debugWAOD1U,debugZB4WKT,debugAPRC85,2,96,2415,2,22,28
10,debugWAOD1U,debugZB4WKT,debugAPRC85,2,97,2316,6,32,24
10,debugWAOD1U,debugZB4WKT,debugAPRC85,2,98,2112,4,26,31
10,debugWAOD1U,debugZB4WKT,debugAPRC85,2,99,5259,4,24,20
10,debugWAOD1U,debugZB4WKT,debugAPRC85,2,100,3555,6,34,37
10,debugWAOD1U,debugZB4WKT,debugAPRC85,2,101,1741,1,27,10
10,debugWAOD1U,debugZB4WKT,debugAPRC85,2,102,2729,3,38,32
10,debugWAOD1U,debugZB4WKT,debugAPRC85,2,103,1777,1,26,17
10,debugWAOD1U,debugZB4WKT,debugAPRC85,2,104,1248,1,38,22
10,debugWAOD1U,debugZB4WKT,debugAPRC85,2,105,3243,2,40,24
10,debugWAOD1U,debugZB4WKT,debugAPRC85,2,106,2327,8,17,10
10,debugWAOD1U,debugZB4WKT,debugAPRC85,2,107,5093,3,11,38
10,debugWAOD1U,debugZB4WKT,debugAPRC85,2,108,1947,1,37,10
10,debugWAOD1U,debugZB4WKT,debugAPRC85,2,109,2152,8,31,25
10,debugWAOD1U,debugZB4WKT,debugAPRC85,2,110,2565,6,24,39
10,debugWAOD1U,debugZB4WKT,debugAPRC85,2,111,9413,8,39,33
10,debugWAOD1U,debugZB4WKT,debugAPRC85,2,112,3222,1,10,11
10,debugWAOD1U,debugZB4WKT,debugAPRC85,2,113,2533,6,38,25
10,debugWAOD1U,debugZB4WKT,debugAPRC85,3,114,2392,true,37,37
10,debugWAOD1U,debugZB4WKT,debugAPRC85,2,115,2346,6,40,24
10,debugWAOD1U,debugZB4WKT,debugAPRC85,2,116,6011,7,11,33
10,debugWAOD1U,debugZB4WKT,debugAPRC85,2,117,3160,3,39,36
10,debugWAOD1U,debugZB4WKT,debugAPRC85,2,118,3979,2,38,32
10,debugWAOD1U,debugZB4WKT,debugAPRC85,2,119,2038,8,17,10
10,debugWAOD1U,debugZB4WKT,debugAPRC85,2,120,2223,4,38,25
10,debugWAOD1U,debugZB4WKT,debugAPRC85,2,121,2459,7,34,28
10,debugWAOD1U,debugZB4WKT,debugAPRC85,2,122,3145,6,32,24
10,debugWAOD1U,debugZB4WKT,debugAPRC85,2,123,2485,5,11,38
10,debugWAOD1U,debugZB4WKT,debugAPRC85,2,124,2015,1,21,17
10,debugWAOD1U,debugZB4WKT,debugAPRC85,2,125,2582,1,36,20
10,debugWAOD1U,debugZB4WKT,debugAPRC85,2,126,2025,1,37,10
10,debugWAOD1U,debugZB4WKT,debugAPRC85,2,127,1804,1,23,17
10,debugWAOD1U,debugZB4WKT,debugAPRC85,2,128,2347,3,26,31
10,debugWAOD1U,debugZB4WKT,debugAPRC85,2,129,2277,2,22,11
10,debugWAOD1U,debugZB4WKT,debugAPRC85,2,130,3331,3,31,29
10,debugWAOD1U,debugZB4WKT,debugAPRC85,2,131,1820,1,37,17
10,debugWAOD1U,debugZB4WKT,debugAPRC85,2,132,1855,2,22,28
10,debugWAOD1U,debugZB4WKT,debugAPRC85,2,133,1599,2,38,22
10,debugWAOD1U,debugZB4WKT,debugAPRC85,2,134,6324,6,34,35
10,debugWAOD1U,debugZB4WKT,debugAPRC85,2,135,1886,1,26,17
10,debugWAOD1U,debugZB4WKT,debugAPRC85,2,136,3979,4,28,37
10,debugWAOD1U,debugZB4WKT,debugAPRC85,2,137,3369,6,33,28
10,debugWAOD1U,debugZB4WKT,debugAPRC85,2,138,9202,7,39,33
10,debugWAOD1U,debugZB4WKT,debugAPRC85,2,139,2302,4,33,38
10,debugWAOD1U,debugZB4WKT,debugAPRC85,2,140,11368,7,24,39
10,debugWAOD1U,debugZB4WKT,debugAPRC85,2,141,2104,1,10,11
10,debugWAOD1U,debugZB4WKT,debugAPRC85,2,142,3375,2,29,30
10,debugWAOD1U,debugZB4WKT,debugAPRC85,2,143,6140,6,34,37
10,debugWAOD1U,debugZB4WKT,debugAPRC85,2,144,2009,6,24,20
10,debugWAOD1U,debugZB4WKT,debugAPRC85,2,145,2432,6,35,14
10,debugWAOD1U,debugZB4WKT,debugAPRC85,2,146,5528,8,31,25
10,debugWAOD1U,debugZB4WKT,debugAPRC85,2,147,2377,1,27,10
